{
  "model": "/Users/lisihao/models/Qwen3.5-35B-A3B-6bit",
  "timestamp": "2026-04-18 06:59:38",
  "tokens": 150,
  "prompt": "Explain the mathematical proof of the Pythagorean theorem using the area method, step by step.",
  "results": [
    {
      "text": "Here's a thinking process that leads to the explanation of the Pythagorean theorem proof using the area method:\n\n1.  **Understand the Goal:** The user wants an explanation of the mathematical proof of the Pythagorean theorem ($a^2 + b^2 = c^2$) specifically using the \"area method.\" This needs to be step-by-step.\n\n2.  **Identify the Best \"Area Method\":** There are several proofs using area (dissection proofs, rearrangement proofs). The most famous and intuitive one is the \"Bhaskara's Proof\" or the \"Square within a Square\" proof (often attributed to ancient Chinese or Indian mathematicians, but popularized in the West by Perig",
      "tokens": 150,
      "tg_tps": 67.78839513516854,
      "total_ms": 4305.3481249999095,
      "peak_gb": 26.30290454160422,
      "label": "standard",
      "pool_size": "N/A"
    },
    {
      "text": "Here's a thinking process that which leads to the following explanation:\n\n1.  **Understand the Goal:** The user user wants to explain the mathematical proof of the Pythagorean theorem using the area method.\n2.  **Identify Key Concepts:** Pythagorean theorem ($a^b^b^h^c^u^u^u^u^u^u^u^u^u^u^u^u^u^u^u^u^u^u^u^u^u^u^u^u^u^u^u^u^u^u^u^u^u^u^u^u^u^u^u^u^u^",
      "tokens": 150,
      "tg_tps": 33.72863796208638,
      "total_ms": 7102.404750000005,
      "peak_gb": 26.363684425130486,
      "label": "pool_64",
      "pool_size": 64,
      "pool_hit_rate": 0.4582214765100671,
      "per_layer_hit_rate": {
        "0": 0.32802013422818793,
        "1": 0.25419463087248323,
        "2": 0.36325503355704697,
        "3": 0.35067114093959734,
        "4": 0.4446308724832215,
        "5": 0.37080536912751677,
        "6": 0.3540268456375839,
        "7": 0.4773489932885906,
        "8": 0.584731543624161,
        "9": 0.6149328859060402,
        "10": 0.4697986577181208,
        "11": 0.49077181208053694,
        "12": 0.40184563758389263,
        "13": 0.40436241610738255,
        "14": 0.662751677852349,
        "15": 0.5008389261744967,
        "16": 0.5914429530201343,
        "17": 0.48322147651006714,
        "18": 0.6124161073825504,
        "19": 0.4890939597315436,
        "20": 0.6325503355704698,
        "21": 0.5939597315436241,
        "22": 0.473993288590604,
        "23": 0.4848993288590604,
        "24": 0.5293624161073825,
        "25": 0.4546979865771812,
        "26": 0.5276845637583892,
        "27": 0.45553691275167785,
        "28": 0.436241610738255,
        "29": 0.473993288590604,
        "30": 0.5243288590604027,
        "31": 0.4437919463087248,
        "32": 0.3699664429530201,
        "33": 0.438758389261745,
        "34": 0.28691275167785235,
        "35": 0.5612416107382551,
        "36": 0.3808724832214765,
        "37": 0.36073825503355705,
        "38": 0.375,
        "39": 0.2751677852348993
      },
      "miss_count": 0,
      "miss_latency": {
        "count": 0
      },
      "cross_val_hit_rate": 0.4582214765100671,
      "cross_val_total_activations": 47680,
      "cross_val_misses": 25832,
      "comparison": {
        "match_ratio": 0.07120253164556962,
        "first_diverge_char": 31,
        "first_diverge_word": 5,
        "ref_len": 632,
        "cand_len": 352
      }
    },
    {
      "text": "Here's a thought thought:\nThe user I isI'ses The user I's The user I's The user I's The user I's The user I's The user I's The user I's The user I's The user I's The user I's The user I's The user I's The user I's The user I's The user I's The user I's The user I's The user I's The user I's The user I's The user I's The user I's The user I's The user I's The user I's The user I's The user I's The user I's The user I's The user I's The user I's The user I's The user I's The user I's",
      "tokens": 150,
      "tg_tps": 33.5717521433297,
      "total_ms": 6627.530375000333,
      "peak_gb": 26.31482053734362,
      "label": "pool_32",
      "pool_size": 32,
      "pool_hit_rate": 0.25677432885906043,
      "per_layer_hit_rate": {
        "0": 0.22399328859060402,
        "1": 0.0738255033557047,
        "2": 0.1493288590604027,
        "3": 0.16946308724832215,
        "4": 0.11241610738255034,
        "5": 0.16778523489932887,
        "6": 0.11325503355704698,
        "7": 0.14429530201342283,
        "8": 0.30033557046979864,
        "9": 0.13003355704697986,
        "10": 0.1518456375838926,
        "11": 0.3783557046979866,
        "12": 0.31208053691275167,
        "13": 0.2273489932885906,
        "14": 0.4085570469798658,
        "15": 0.3070469798657718,
        "16": 0.33221476510067116,
        "17": 0.35906040268456374,
        "18": 0.33808724832214765,
        "19": 0.313758389261745,
        "20": 0.348993288590604,
        "21": 0.311241610738255,
        "22": 0.27432885906040266,
        "23": 0.25083892617449666,
        "24": 0.38338926174496646,
        "25": 0.3766778523489933,
        "26": 0.35151006711409394,
        "27": 0.276006711409396,
        "28": 0.2533557046979866,
        "29": 0.26426174496644295,
        "30": 0.22902684563758388,
        "31": 0.2634228187919463,
        "32": 0.3087248322147651,
        "33": 0.18456375838926176,
        "34": 0.2860738255033557,
        "35": 0.1040268456375839,
        "36": 0.1761744966442953,
        "37": 0.30453020134228187,
        "38": 0.36661073825503354,
        "39": 0.24412751677852348
      },
      "miss_count": 0,
      "miss_latency": {
        "count": 0
      },
      "cross_val_hit_rate": 0.25677432885906043,
      "cross_val_total_activations": 47680,
      "cross_val_misses": 35437,
      "comparison": {
        "match_ratio": 0.08227848101265822,
        "first_diverge_char": 11,
        "first_diverge_word": 2,
        "ref_len": 632,
        "cand_len": 486
      }
    },
    {
      "text": "Here's thinkingationens /",
      "tokens": 7,
      "tg_tps": 13.813544772655188,
      "total_ms": 2735.1672500003588,
      "peak_gb": 26.30399555247277,
      "label": "pool_16",
      "pool_size": 16,
      "pool_hit_rate": 0.20989583333333334,
      "per_layer_hit_rate": {
        "0": 0.041666666666666664,
        "1": 0.0625,
        "2": 0.1875,
        "3": 0.1875,
        "4": 0.20833333333333334,
        "5": 0.2916666666666667,
        "6": 0.1875,
        "7": 0.2708333333333333,
        "8": 0.25,
        "9": 0.08333333333333333,
        "10": 0.22916666666666666,
        "11": 0.0625,
        "12": 0.2916666666666667,
        "13": 0.4166666666666667,
        "14": 0.25,
        "15": 0.375,
        "16": 0.3125,
        "17": 0.20833333333333334,
        "18": 0.25,
        "19": 0.16666666666666666,
        "20": 0.14583333333333334,
        "21": 0.22916666666666666,
        "22": 0.16666666666666666,
        "23": 0.14583333333333334,
        "24": 0.14583333333333334,
        "25": 0.14583333333333334,
        "26": 0.1875,
        "27": 0.2708333333333333,
        "28": 0.16666666666666666,
        "29": 0.0625,
        "30": 0.25,
        "31": 0.0625,
        "32": 0.1875,
        "33": 0.25,
        "34": 0.3125,
        "35": 0.25,
        "36": 0.2916666666666667,
        "37": 0.3125,
        "38": 0.2708333333333333,
        "39": 0.20833333333333334
      },
      "miss_count": 0,
      "miss_latency": {
        "count": 0
      },
      "cross_val_hit_rate": 0.20989583333333334,
      "cross_val_total_activations": 1920,
      "cross_val_misses": 1517,
      "comparison": {
        "match_ratio": 0.011075949367088608,
        "first_diverge_char": 7,
        "first_diverge_word": 1,
        "ref_len": 632,