{
  "model": "/Users/lisihao/models/Qwen3.5-35B-A3B-6bit",
  "timestamp": "2026-04-17 17:29:48",
  "config": {
    "tokens": 128,
    "segment_length": 16
  },
  "trace": {
    "num_layers": 40,
    "num_experts": 256,
    "top_k": 8,
    "total_tokens": 128,
    "total_routing_decisions": 273600
  },
  "srp": {
    "overall_srp": 0.279296875,
    "segment_length": 16,
    "per_layer": {
      "0": {
        "srp": 0.279296875,
        "num_segments": 8
      },
      "1": {
        "srp": 0.279296875,
        "num_segments": 8
      },
      "2": {
        "srp": 0.279296875,
        "num_segments": 8
      },
      "3": {
        "srp": 0.279296875,
        "num_segments": 8
      },
      "4": {
        "srp": 0.279296875,
        "num_segments": 8
      },
      "5": {
        "srp": 0.279296875,
        "num_segments": 8
      },
      "6": {
        "srp": 0.279296875,
        "num_segments": 8
      },
      "7": {
        "srp": 0.279296875,
        "num_segments": 8
      },
      "8": {
        "srp": 0.279296875,
        "num_segments": 8
      },
      "9": {
        "srp": 0.279296875,
        "num_segments": 8
      },
      "10": {
        "srp": 0.279296875,
        "num_segments": 8
      },
      "11": {
        "srp": 0.279296875,
        "num_segments": 8
      },
      "12": {
        "srp": 0.279296875,
        "num_segments": 8
      },
      "13": {
        "srp": 0.279296875,
        "num_segments": 8
      },
      "14": {
        "srp": 0.279296875,
        "num_segments": 8
      },
      "15": {
        "srp": 0.279296875,
        "num_segments": 8
      },
      "16": {
        "srp": 0.279296875,
        "num_segments": 8
      },
      "17": {
        "srp": 0.279296875,
        "num_segments": 8
      },
      "18": {
        "srp": 0.279296875,
        "num_segments": 8
      },
      "19": {
        "srp": 0.279296875,
        "num_segments": 8
      },
      "20": {
        "srp": 0.279296875,
        "num_segments": 8
      },
      "21": {
        "srp": 0.279296875,
        "num_segments": 8
      },
      "22": {
        "srp": 0.279296875,
        "num_segments": 8
      },
      "23": {
        "srp": 0.279296875,
        "num_segments": 8
      },
      "24": {
        "srp": 0.279296875,
        "num_segments": 8
      },
      "25": {
        "srp": 0.279296875,
        "num_segments": 8
      },
      "26": {
        "srp": 0.279296875,
        "num_segments": 8
      },
      "27": {
        "srp": 0.279296875,
        "num_segments": 8
      },
      "28": {
        "srp": 0.279296875,
        "num_segments": 8
      },
      "29": {
        "srp": 0.279296875,
        "num_segments": 8
      },
      "30": {
        "srp": 0.279296875,
        "num_segments": 8
      },
      "31": {
        "srp": 0.279296875,
        "num_segments": 8
      },
      "32": {
        "srp": 0.279296875,
        "num_segments": 8
      },
      "33": {
        "srp": 0.279296875,
        "num_segments": 8
      },
      "34": {
        "srp": 0.279296875,
        "num_segments": 8
      },
      "35": {
        "srp": 0.279296875,
        "num_segments": 8
      },
      "36": {
        "srp": 0.279296875,
        "num_segments": 8
      },
      "37": {
        "srp": 0.279296875,
        "num_segments": 8
      },
      "38": {
        "srp": 0.279296875,
        "num_segments": 8
      },
      "39": {
        "srp": 0.279296875,
        "num_segments": 8
      }
    },
    "tier": "Poor"
  },
  "sch": {
    "cache_ratios": {
      "1.0": 0.018384502923976608,
      "1.5": 0.027942251461988303,
      "2.0": 0.05001827485380117,
      "3.0": 0.08364400584795322,
      "4.0": 0.11485745614035088,
      "6.0": 0.17485380116959065,
      "8.0": 0.23788377192982457
    },
    "top_k": 8,
    "detail": {
      "1.0": {
        "cache_size": 8,
        "overall_sch": 0.018384502923976608,
        "per_layer": {
          "0": 0.018384502923976608,
          "1": 0.018384502923976608,
          "2": 0.018384502923976608,
          "3": 0.018384502923976608,
          "4": 0.018384502923976608,
          "5": 0.018384502923976608,
          "6": 0.018384502923976608,
          "7": 0.018384502923976608,
          "8": 0.018384502923976608,
          "9": 0.018384502923976608,
          "10": 0.018384502923976608,
          "11": 0.018384502923976608,
          "12": 0.018384502923976608,
          "13": 0.018384502923976608,
          "14": 0.018384502923976608,
          "15": 0.018384502923976608,
          "16": 0.018384502923976608,
          "17": 0.018384502923976608,
          "18": 0.018384502923976608,
          "19": 0.018384502923976608,
          "20": 0.018384502923976608,
          "21": 0.018384502923976608,
          "22": 0.018384502923976608,
          "23": 0.018384502923976608,
          "24": 0.018384502923976608,
          "25": 0.018384502923976608,
          "26": 0.018384502923976608,
          "27": 0.018384502923976608,
          "28": 0.018384502923976608,
          "29": 0.018384502923976608,
          "30": 0.018384502923976608,
          "31": 0.018384502923976608,
          "32": 0.018384502923976608,
          "33": 0.018384502923976608,
          "34": 0.018384502923976608,
          "35": 0.018384502923976608,
          "36": 0.018384502923976608,
          "37": 0.018384502923976608,
          "38": 0.018384502923976608,
          "39": 0.018384502923976608
        }
      },
      "1.5": {
        "cache_size": 12,
        "overall_sch": 0.027942251461988303,
        "per_layer": {
          "0": 0.027942251461988303,
          "1": 0.027942251461988303,
          "2": 0.027942251461988303,
          "3": 0.027942251461988303,
          "4": 0.027942251461988303,
          "5": 0.027942251461988303,
          "6": 0.027942251461988303,
          "7": 0.027942251461988303,
          "8": 0.027942251461988303,
          "9": 0.027942251461988303,
          "10": 0.027942251461988303,
          "11": 0.027942251461988303,
          "12": 0.027942251461988303,
          "13": 0.027942251461988303,
          "14": 0.027942251461988303,
          "15": 0.027942251461988303,
          "16": 0.027942251461988303,
          "17": 0.027942251461988303,
          "18": 0.027942251461988303,
          "19": 0.027942251461988303,
          "20": 0.027942251461988303,
          "21": 0.027942251461988303,
          "22": 0.027942251461988303,
          "23": 0.027942251461988303,
          "24": 0.027942251461988303,
          "25": 0.027942251461988303,
          "26": 0.027942251461988303,
          "27": 0.027942251461988303,
          "28": 0.027942251461988303,
          "29": 0.027942251461988303,
          "30": 0.027942251461988303,
          "31": 0.027942251461988303,
          "32": 0.027942251461988303,
          "33": 0.027942251461988303,
          "34": 0.027942251461988303,
          "35": 0.027942251461988303,
          "36": 0.027942251461988303,
          "37": 0.027942251461988303,
          "38": 0.027942251461988303,
          "39": 0.027942251461988303
        }
      },
      "2.0": {
        "cache_size": 16,
        "overall_sch": 0.05001827485380117,
        "per_layer": {
          "0": 0.05001827485380117,
          "1": 0.05001827485380117,
          "2": 0.05001827485380117,
          "3": 0.05001827485380117,
          "4": 0.05001827485380117,
          "5": 0.05001827485380117,
          "6": 0.05001827485380117,
          "7": 0.05001827485380117,
          "8": 0.05001827485380117,
          "9": 0.05001827485380117,
          "10": 0.05001827485380117,
          "11": 0.05001827485380117,
          "12": 0.05001827485380117,
          "13": 0.05001827485380117,
          "14": 0.05001827485380117,
          "15": 0.05001827485380117,
          "16": 0.05001827485380117,
          "17": 0.05001827485380117,
          "18": 0.05001827485380117,
          "19": 0.05001827485380117,
          "20": 0.05001827485380117,
          "21": 0.05001827485380117,