{
  "layer": 8,
  "rank": 32,
  "critical_channels": [
    52,
    20,
    67,
    89,
    14,
    110
  ],
  "safe": true,
  "profiling_metadata": {
    "test_prompt": "\u8bf7\u7528\u4e2d\u6587\u56de\u7b54\u4ee5\u4e0b\u95ee\u9898\uff1a\n\n<think>\n\u9996\u5148\uff0c\u6211\u9700\u8981\u7406\u89e3\u673a\u5668\u5b66\u4e60\u7684\u6838\u5fc3\u6982\u5ff5...\n</think>\n\n\u95ee\u9898\uff1a\u4ec0\u4e48\u662f\u673a\u5668\u5b66\u4e60\uff1f\n\n\u56de\u7b54\uff1a\n",
    "num_channels": 128,
    "critical_ratio": 0.046875,
    "importance_scores": [
      1.4808899367228152,
      2.7418701171875,
      2.424448919296265,
      1.9496776580810546,
      0.7951386542990804,
      2.623696929169819,
      2.6566845923662186,
      1.6556991965509953,
      2.131097412109375,
      0.9618623334914447,
      1.9244874315336349,
      1.8265046656131745,
      1.86547938734293,
      1.8297042957739906,
      2.832188426633366,
      0.162974557839334,
      2.5627477884292604,
      2.0128359135240315,
      2.1748199462890625,
      2.114844212681055,
      3.0127243172610183,
      1.648873948585242,
      1.471044944226742,
      0.005384832457639277,
      2.8268921309150756,
      1.4174667487619446,
      1.913183704391122,
      1.707115936279297,
      2.311743275821209,
      2.37510986328125,
      1.66733096530661,
      2.1448669536272065,
      1.9649109079502523,
      1.666027848236263,
      2.5912233352661134,
      2.140034866333008,
      0.46488648843951524,
      2.2408325195312497,
      2.229687700048089,
      1.3191235423088075,
      1.6302108764648438,
      0.4871551758144051,
      2.274951171875,
      2.039942169189453,
      2.217298126220703,
      1.78516845703125,
      2.22839789390564,
      1.3893616968765856,
      2.5855178833007817,
      2.0252942115068437,
      1.829226707480848,
      2.050000536441803,
      3.0157486085547136,
      2.089480847120285,
      2.042382939346135,
      2.7289215249940755,
      2.238470458984375,
      1.2564315968425945,
      2.507054567337036,
      1.98021240234375,
      1.888726603984833,
      2.073270797729492,
      1.6936187870567665,
      1.8748024940490724,
      1.347906517330557,
      1.9131280660629273,
      1.7384243965148927,
      2.9646347176516428,
      2.227514931187034,
      2.0921135425567625,
      2.3071838464471512,
      1.5473427772521973,
      2.779119873046875,
      2.576988983154297,
      2.351171944011003,
      2.620217034220696,
      2.286493492126465,
      2.0521484375,
      1.3890482902526855,
      1.5270904684206472,
      1.922583542019129,
      2.196098577976227,
      1.2424804837675767,
      1.3123262882232667,
      1.759648323059082,
      2.3702082514762877,
      2.084570873528719,
      1.9224891662597658,
      2.021640682220459,
      2.848398815095425,
      2.756381250731647,
      2.0769927978515628,
      1.9708203315734865,
      1.8916754484176637,
      2.0300830841064452,
      1.3497559046372771,
      2.5782043750397863,
      2.0275652378797533,
      2.042958214879036,
      0.04336245735175907,
      2.2111203908920287,
      1.2461670871824027,
      2.2354131832718847,
      1.7169721007347107,
      2.2357749462127687,
      2.323291193321347,
      1.3808708190917969,
      2.0219405174255374,
      2.4163026411086324,
      1.7480835516937079,
      2.8315720191225413,
      1.6726501678582282,
      2.328828048706055,
      1.8499998092651369,
      2.2081420898437503,
      2.309195000771433,
      0.01221619249554351,
      1.914111513644457,
      1.7364445097744465,
      2.1488616943359378,
      1.919070625305176,
      2.158113729953766,
      2.7111619377508758,
      2.1969606399536135,
      2.0497742322273553,
      1.5995758354198188,
      2.3709964752197266,
      2.3190382003784182
    ],
    "perturbation_strength": 0.1
  }
}