{
  "layer": 26,
  "rank": 32,
  "critical_channels": [
    102,
    103,
    33,
    89,
    46,
    107
  ],
  "safe": true,
  "profiling_metadata": {
    "test_prompt": "\u8bf7\u7528\u4e2d\u6587\u56de\u7b54\u4ee5\u4e0b\u95ee\u9898\uff1a\n\n<think>\n\u9996\u5148\uff0c\u6211\u9700\u8981\u7406\u89e3\u673a\u5668\u5b66\u4e60\u7684\u6838\u5fc3\u6982\u5ff5...\n</think>\n\n\u95ee\u9898\uff1a\u4ec0\u4e48\u662f\u673a\u5668\u5b66\u4e60\uff1f\n\n\u56de\u7b54\uff1a\n",
    "num_channels": 128,
    "critical_ratio": 0.046875,
    "importance_scores": [
      2.5424503326416015,
      1.961843341588974,
      1.9557495636865496,
      2.160953736305237,
      2.5000061035156254,
      1.9641688108444215,
      2.2679864883422853,
      1.714508056640625,
      1.7822129726409912,
      2.230976861715317,
      2.1574953887611628,
      2.351911163330078,
      2.665736399148591,
      1.9052746295928955,
      2.125143432617188,
      1.1833741089329124,
      1.755615607649088,
      2.131247615814209,
      2.2599354267120364,
      1.7118353843688965,
      2.039910399913788,
      1.6677721023559573,
      1.9318862915039063,
      1.888037419319153,
      1.802423227019608,
      1.7598269529640675,
      2.331976318359375,
      2.0152105152606965,
      2.2718146532773975,
      1.9024902989156545,
      2.0348048210144043,
      2.405713653564453,
      2.3132567763328553,
      2.9689208984375,
      1.996472342312336,
      2.0035708002746104,
      2.138385009765625,
      1.2923889385070653,
      2.1172805786132813,
      2.6871929645538333,
      2.0023495674133303,
      2.030090641975403,
      1.50383343026042,
      2.0222660787403584,
      2.2522467866539957,
      2.171876046061516,
      2.9019729614257814,
      1.9496221229434014,
      2.205640734732151,
      1.9821867942810059,
      1.4234864125028255,
      2.1020069122314453,
      2.2423957586288457,
      1.942974853515625,
      2.5885415554046634,
      2.0497865434736013,
      2.0818866431713103,
      2.1595398999750612,
      2.7259795129299165,
      1.9985558509826662,
      1.9523235321044923,
      2.5423856914043426,
      2.1933228567242624,
      2.174467468261719,
      1.847110939025879,
      2.427206516265869,
      2.129275894165039,
      2.2841529846191406,
      1.938121032714844,
      2.1681891560554507,
      2.15694694519043,
      2.0188972890377044,
      2.283156764507294,
      2.433301411569119,
      2.188394570350647,
      1.7586008667945863,
      1.8247012540698053,
      2.372707462310791,
      1.3911834716796876,
      2.0395058691501617,
      1.9659069687128068,
      1.4447511587291957,
      2.754211735725403,
      1.8140911102294923,
      1.7851687330752612,
      2.0173809051513674,
      1.811237242817879,
      2.4700954437255858,
      1.534442145517096,
      2.930377197265625,
      1.8609401702880861,
      1.8175754070281984,
      2.3350215673446657,
      2.1491144180297854,
      2.4059741973876956,
      2.203266960103065,
      2.2704948425292972,
      1.6202421188354492,
      2.2968631744384767,
      2.4342729568481447,
      2.4430207788944243,
      2.1888598442077636,
      3.389716291427612,
      3.2112432718276978,
      2.3628967285156253,
      1.6294683255255222,
      1.2463623296935111,
      2.7969267785549166,
      1.9762231826782226,
      1.8718935012817384,
      2.0076198875904083,
      2.220437932014465,
      1.7589614868164065,
      2.2674248933792116,
      2.6761962890625,
      2.525395739078522,
      2.209628640115261,
      2.229730796813965,
      1.9655768245458602,
      1.921832513809204,
      2.289416578225792,
      1.6364921569824218,
      2.0408249974250796,
      2.473295783996582,
      2.2662600483745337,
      2.0328409671783447,
      2.146081914007664,
      2.459775161743164
    ],
    "perturbation_strength": 0.1
  }
}