{
  "layer": 21,
  "rank": 32,
  "critical_channels": [
    79,
    115,
    47,
    4,
    102,
    99
  ],
  "safe": true,
  "profiling_metadata": {
    "test_prompt": "\u8bf7\u7528\u4e2d\u6587\u56de\u7b54\u4ee5\u4e0b\u95ee\u9898\uff1a\n\n<think>\n\u9996\u5148\uff0c\u6211\u9700\u8981\u7406\u89e3\u673a\u5668\u5b66\u4e60\u7684\u6838\u5fc3\u6982\u5ff5...\n</think>\n\n\u95ee\u9898\uff1a\u4ec0\u4e48\u662f\u673a\u5668\u5b66\u4e60\uff1f\n\n\u56de\u7b54\uff1a\n",
    "num_channels": 128,
    "critical_ratio": 0.046875,
    "importance_scores": [
      2.523878401517868,
      2.15738263130188,
      2.5682347334921363,
      1.9575317611917853,
      2.8403310775756836,
      2.382231247425079,
      2.6496902465820313,
      0.5643127726390958,
      2.6677739672362804,
      1.0319671792909502,
      2.363233664631844,
      2.3560354232788088,
      2.2152345806360243,
      1.2957031525205822,
      2.4932678504846995,
      2.4696291744709016,
      1.6246582136722283,
      2.51266210526228,
      2.1717376878717918,
      2.0431092007085683,
      0.657544144243002,
      1.7450287127867343,
      1.6337616466917098,
      2.4410697102546695,
      1.14188845413737,
      2.4739105775021017,
      2.3789919428527355,
      2.460846358537674,
      1.5131515725050122,
      1.8676125481724741,
      1.3682854148559274,
      1.6163394622504712,
      2.3010314941406254,
      2.4565979074803184,
      2.7295410300837832,
      2.5013397937640547,
      1.2942810469307005,
      1.0104218440130353,
      1.5256897483952345,
      2.685022131353617,
      1.8056915283203125,
      2.6124511904548857,
      0.9875000131316484,
      2.7250473499298096,
      2.7132019287440925,
      2.443212890625,
      2.292963741719723,
      2.8849731723312293,
      2.134812736511231,
      1.9829925651662053,
      1.8139470517635348,
      1.7288334481418133,
      1.2326707363128662,
      2.456402397155762,
      2.296916961669922,
      2.1710267655551436,
      2.212950825691223,
      0.7180557658895851,
      2.23033447265625,
      1.7239204421639442,
      1.6422979444265366,
      2.590637318789959,
      2.3272128418087963,
      2.3325472563505176,
      2.2104474008083344,
      1.9431877136230469,
      2.2238281581085175,
      1.927331622876227,
      2.0145080771762878,
      2.502304840087891,
      2.5752746829297397,
      2.6160087585449223,
      2.103260113298893,
      1.8263458609580994,
      2.0282278418540955,
      0.88677675309591,
      2.1138909101486205,
      2.06374971026089,
      1.8080383395776154,
      3.119958066940308,
      2.5884325712919236,
      1.954237797856331,
      1.5508240992203355,
      2.3363464732654395,
      2.0954994201660155,
      2.4221096992492677,
      0.9223206136375666,
      2.583173210918903,
      0.9803955138544552,
      2.219232424721122,
      2.1550491472007707,
      2.1600282650440934,
      0.6453903352608905,
      2.5261294431984425,
      2.3164600491523744,
      2.26831865310669,
      2.359176710061729,
      2.3437661170959476,
      2.7167264759540557,
      2.821289158053696,
      1.8640506505966188,
      1.2784668100066483,
      2.8339389622211457,
      2.3641602562740442,
      2.1138673685491085,
      2.4080814816057683,
      0.5811462534358726,
      2.4555303096771244,
      2.408486959291622,
      2.3698923543095587,
      2.801269547455013,
      1.5689270419068635,
      2.2359376067295673,
      0.5572668999433518,
      2.5569870285689835,
      2.9459739685058595,
      2.4093704423401507,
      2.286302205594257,
      2.5985842023044823,
      2.6490906516090034,
      2.37957611810416,
      0.9825899600982666,
      2.267797942645848,
      2.638791608810425,
      1.860852336883545,
      1.426782550662756,
      1.9060257077449934,
      2.216512954235077
    ],
    "perturbation_strength": 0.1
  }
}