{
  "layer": 18,
  "rank": 32,
  "critical_channels": [
    34,
    95,
    28,
    99,
    17,
    41
  ],
  "safe": true,
  "profiling_metadata": {
    "test_prompt": "\u8bf7\u7528\u4e2d\u6587\u56de\u7b54\u4ee5\u4e0b\u95ee\u9898\uff1a\n\n<think>\n\u9996\u5148\uff0c\u6211\u9700\u8981\u7406\u89e3\u673a\u5668\u5b66\u4e60\u7684\u6838\u5fc3\u6982\u5ff5...\n</think>\n\n\u95ee\u9898\uff1a\u4ec0\u4e48\u662f\u673a\u5668\u5b66\u4e60\uff1f\n\n\u56de\u7b54\uff1a\n",
    "num_channels": 128,
    "critical_ratio": 0.046875,
    "importance_scores": [
      1.9261475056409838,
      2.6242725849151616,
      1.0593994340393693,
      2.0973398461937904,
      1.1056137281935663,
      2.02424623160623,
      2.452734520286322,
      1.7129335787147284,
      2.256204268336296,
      2.6820313271135094,
      2.3980291299521923,
      2.2367212355136874,
      2.632425040006638,
      1.3302531480789184,
      1.953036117553711,
      1.9260441303253175,
      2.255600166320801,
      2.7024729251861572,
      2.5200831651687623,
      1.3338837994262578,
      1.7854233743622898,
      1.683205556869507,
      1.6802124309819193,
      1.6147039532661438,
      1.9706971198320389,
      2.195300327194855,
      2.4368866920471195,
      2.3128686904907227,
      2.771185436844826,
      2.0913597106933595,
      2.3983902364969256,
      1.7224716307362544,
      2.090478570945561,
      2.223370402958244,
      2.949131787964143,
      1.6478522375226021,
      1.8869154304265976,
      2.380619364976883,
      2.3629762183874843,
      2.327352929161862,
      2.2956970214843753,
      2.688951134728268,
      1.8381543159484863,
      2.476435363292694,
      2.6666656670859084,
      1.1955078625120223,
      1.7373057380318644,
      2.423069030046463,
      2.4686166763305666,
      2.175573980808258,
      1.9639278173446655,
      2.6346620295196774,
      2.1175061792135237,
      1.8421716332435607,
      1.8046709060668946,
      2.4514660060405733,
      1.9477235674858093,
      1.6749269209802151,
      1.7785019278526306,
      1.7602266851812602,
      1.8568115678615869,
      1.197497658059001,
      1.7696812629699707,
      1.3316375848371536,
      2.1899658203125,
      2.2066286314278845,
      1.9641114857047797,
      1.7941903203725817,
      2.093759918212891,
      2.2619728282094003,
      2.361172592639923,
      2.5764350190758707,
      1.9615576207637786,
      1.8336196899414063,
      1.5213669162709267,
      1.2345031873090193,
      1.2206818104721606,
      2.5283296018838883,
      1.6217044748365879,
      2.422247370611877,
      2.3973870038986207,
      1.1372985905851238,
      2.3996157489717005,
      2.4515138853341343,
      1.961901468038559,
      2.485961973015219,
      1.8141328491270543,
      2.0254273139871657,
      1.569512379169464,
      2.1114261478185656,
      2.289874290628359,
      2.5864441610872744,
      1.9134371042251588,
      0.8678588907176163,
      2.011203043721616,
      2.7764649761840703,
      2.188447952270508,
      2.409732536226511,
      2.0658950805664062,
      2.727197323739529,
      2.0704614341259004,
      2.3870132207870487,
      1.8187443658709528,
      1.9810066506266595,
      2.2430280685424804,
      1.906366927921772,
      2.16004041004926,
      1.9217288173735143,
      2.433738899230957,
      1.7718528747558595,
      2.4881373405456544,
      1.9636741191148759,
      1.856858314573765,
      2.475801146030426,
      2.0496601581573484,
      2.15049765445292,
      1.6341285407543182,
      1.8223250389099122,
      0.7126068387646228,
      2.480438232421875,
      1.5811630394309761,
      2.0659858271479608,
      2.0402344280853866,
      1.9250031113624575,
      1.9416996501386166,
      2.455017948150635,
      0.6717102455906571,
      2.3680420097196477
    ],
    "perturbation_strength": 0.1
  }
}