{
  "layer": 22,
  "rank": 32,
  "critical_channels": [
    94,
    9,
    45,
    4,
    93,
    16
  ],
  "safe": true,
  "profiling_metadata": {
    "test_prompt": "\u8bf7\u7528\u4e2d\u6587\u56de\u7b54\u4ee5\u4e0b\u95ee\u9898\uff1a\n\n<think>\n\u9996\u5148\uff0c\u6211\u9700\u8981\u7406\u89e3\u673a\u5668\u5b66\u4e60\u7684\u6838\u5fc3\u6982\u5ff5...\n</think>\n\n\u95ee\u9898\uff1a\u4ec0\u4e48\u662f\u673a\u5668\u5b66\u4e60\uff1f\n\n\u56de\u7b54\uff1a\n",
    "num_channels": 128,
    "critical_ratio": 0.046875,
    "importance_scores": [
      2.0149905741214753,
      1.404855446703732,
      1.7805222272872925,
      2.667359161376953,
      2.7986298124305904,
      2.096191632002592,
      2.5651381850242614,
      1.7654102444648743,
      2.1407661095261576,
      2.912249771086499,
      1.911572341620922,
      1.5933032989501954,
      1.3621154881548136,
      2.3829511642456054,
      1.141241541132331,
      1.437170445919037,
      2.7469193935394287,
      2.1047607496264393,
      2.164300563372672,
      0.998107956815511,
      2.2531494140625004,
      1.68100588102825,
      2.449723052978516,
      1.7138550899922849,
      1.6561584849841895,
      2.397151227388531,
      1.5274658887647095,
      2.4482435226440433,
      1.471439176797867,
      2.5216383934021,
      2.6931611141189933,
      2.5057618919759994,
      2.658309949864633,
      2.041543640010059,
      2.140674722194672,
      1.8740732178092003,
      1.975549529865384,
      1.7430383682250978,
      2.0720773577690124,
      1.4189843118190766,
      1.4346100741997363,
      2.6592288687825203,
      2.221534624695778,
      1.7656457901000977,
      1.8191589526599274,
      2.861773727461696,
      1.9119629772379996,
      1.7188690735958516,
      2.729968343861401,
      2.712793006747961,
      2.488789749145508,
      2.2591024875640873,
      1.2390609905356542,
      1.3614105590619148,
      2.1807318687438966,
      0.9249267754843459,
      0.9618348475545646,
      2.0570316314697266,
      1.873273064941168,
      2.274131882190704,
      1.7211792060988957,
      2.3492187699768694,
      1.6734528057277205,
      2.1149253845214844,
      1.3742444068193436,
      2.327037286758423,
      2.3581453561782837,
      1.5262179195880892,
      2.3699516892433166,
      1.8302491933107377,
      1.8840461730957032,
      1.3112213409971447,
      2.11325346827507,
      2.475513458251953,
      2.288502398133278,
      1.549893215857446,
      2.0359498880803586,
      2.394972535967827,
      2.6734101610258225,
      2.26524041891098,
      2.4243701934814457,
      2.1026389807462693,
      1.781872605532408,
      2.375089406967163,
      1.9742576152086257,
      1.1721679837675765,
      1.9773682763800025,
      2.1225102081894875,
      1.0832397574093193,
      1.916170120239258,
      1.4656220203265549,
      1.0990235771983863,
      1.4515137758105996,
      2.7498414728790523,
      2.9149032694753263,
      1.9195648351917045,
      2.412113505601883,
      2.375944232940674,
      1.916210985556245,
      2.073388714063913,
      0.4555298019200564,
      2.309501123428345,
      2.3648886203765866,
      1.7300293088890615,
      1.9839843877824026,
      2.7108764881733807,
      1.410862776078284,
      2.3446608066558836,
      2.17509178519249,
      2.146362363360822,
      2.007227894663811,
      2.112371846707538,
      1.9291797637939454,
      1.8844787689158693,
      2.5791602134704594,
      2.0137481689453125,
      1.848926791548729,
      2.1810783386230472,
      2.669203567504883,
      2.473685455322266,
      2.312707599438727,
      2.08849093914032,
      2.379162907600403,
      1.3346008606720716,
      2.1100149512290955,
      1.7228577230125666,
      1.964113572239876,
      2.249762015696615
    ],
    "perturbation_strength": 0.1
  }
}