{
  "layer": 1,
  "rank": 32,
  "critical_channels": [
    44,
    34,
    14,
    33,
    17,
    47
  ],
  "safe": true,
  "profiling_metadata": {
    "test_prompt": "\u8bf7\u7528\u4e2d\u6587\u56de\u7b54\u4ee5\u4e0b\u95ee\u9898\uff1a\n\n<think>\n\u9996\u5148\uff0c\u6211\u9700\u8981\u7406\u89e3\u673a\u5668\u5b66\u4e60\u7684\u6838\u5fc3\u6982\u5ff5...\n</think>\n\n\u95ee\u9898\uff1a\u4ec0\u4e48\u662f\u673a\u5668\u5b66\u4e60\uff1f\n\n\u56de\u7b54\uff1a\n",
    "num_channels": 128,
    "critical_ratio": 0.046875,
    "importance_scores": [
      1.8657244712114336,
      2.624682990461588,
      1.4954607486724856,
      0.3701889086980373,
      1.8569285765290262,
      1.4568514231592418,
      2.5503024794161324,
      1.6892217680811883,
      1.5914620310068133,
      2.5030518248677254,
      1.9787355918437244,
      0.12635821662843227,
      2.6254013378638774,
      1.2321112215518952,
      2.765673871710897,
      1.5001472264528275,
      1.7674207031726838,
      2.7632126653566957,
      2.1292500734329223,
      1.7480655670166017,
      1.0552985221147537,
      1.4228761944919825,
      1.8160999298095704,
      1.6005752593278886,
      1.8454837583005428,
      1.5076355296187105,
      1.8525659978389741,
      0.4992920304648578,
      2.121258833259344,
      2.4495942115783693,
      1.7682065129280091,
      2.0324417114257813,
      1.8662422508001328,
      2.7634765817783777,
      2.8873688492923977,
      2.7130615474656223,
      1.4019167799502612,
      2.290504050254822,
      2.2673171997070316,
      1.364352492429316,
      0.7567391395568848,
      1.590374231338501,
      1.6769142150878908,
      1.9160861931741238,
      3.015927140787244,
      1.742921128869057,
      2.1535400390625004,
      2.7513703778386116,
      1.8266610726714134,
      2.124859619140625,
      1.6048834517598152,
      1.816266430169344,
      1.8970342874526978,
      2.367487037181854,
      1.7917254120111465,
      2.362117278575897,
      1.1353662490844727,
      1.6671143947169187,
      2.1319343209266663,
      0.5373504973948002,
      2.367450077459216,
      1.7410163760185242,
      1.939575568586588,
      1.3864788472652436,
      1.5784853979945184,
      1.5164018377661705,
      1.8742432347498834,
      1.7917878866195678,
      2.3641266144346447,
      1.714979024231434,
      0.4964661027304828,
      1.765088963508606,
      1.6353744588559493,
      2.2030153647065167,
      1.8384010791778564,
      1.6103645324707032,
      1.31701744645834,
      2.535084807872772,
      2.00616455078125,
      0.5064453300321475,
      1.852729105949402,
      1.881007781624794,
      1.473416143655777,
      0.5108001754037105,
      1.596745562553406,
      1.8098756263032556,
      1.7721567764878274,
      2.723964309692383,
      0.4203827798366547,
      1.996058425307274,
      1.848450104892254,
      2.0115370482206347,
      1.4278290688991548,
      1.2418336184695362,
      1.1633251905441286,
      1.640972375869751,
      2.0669618606567384,
      2.54149169921875,
      1.7123260498046875,
      2.4259310420602564,
      1.9707969427108765,
      2.3690492074936627,
      1.3606202306225896,
      1.863566589355469,
      1.6299591183895246,
      1.5513195127248764,
      1.5764480722835288,
      1.675714123249054,
      1.9737650871276855,
      1.5657425119541586,
      2.0012376546859745,
      2.363681325316429,
      1.3718264758586884,
      2.222189509868622,
      1.9687287136912346,
      2.648733620531857,
      2.4559544309973718,
      1.8806045532226563,
      1.7133193969726563,
      2.4248261962085964,
      1.2902223143726588,
      1.280673363059759,
      2.082073211669922,
      1.9194979522377253,
      2.2178463459014894,
      2.0194732875563206,
      1.5233936071395875,
      1.3286592833697797
    ],
    "perturbation_strength": 0.1
  }
}