{
  "layer": 13,
  "rank": 32,
  "critical_channels": [
    10,
    66,
    108,
    72,
    22,
    59
  ],
  "safe": true,
  "profiling_metadata": {
    "test_prompt": "\u8bf7\u7528\u4e2d\u6587\u56de\u7b54\u4ee5\u4e0b\u95ee\u9898\uff1a\n\n<think>\n\u9996\u5148\uff0c\u6211\u9700\u8981\u7406\u89e3\u673a\u5668\u5b66\u4e60\u7684\u6838\u5fc3\u6982\u5ff5...\n</think>\n\n\u95ee\u9898\uff1a\u4ec0\u4e48\u662f\u673a\u5668\u5b66\u4e60\uff1f\n\n\u56de\u7b54\uff1a\n",
    "num_channels": 128,
    "critical_ratio": 0.046875,
    "importance_scores": [
      1.6124939075205476,
      2.179675392434001,
      0.5145706285722554,
      2.104666900634766,
      2.748611718416214,
      2.3465943466871977,
      2.496173156052828,
      1.2125489069148898,
      1.6170776705257595,
      2.6693115495610984,
      3.1211212227004586,
      2.717498824838549,
      2.824338044598699,
      1.429673782736063,
      1.1999829173088075,
      2.6494997587054967,
      2.272319793701172,
      2.284375077672303,
      2.0228454950265586,
      2.469336234778166,
      2.342934799194336,
      2.7322757191956044,
      3.0152893194230277,
      0.4762069765711204,
      0.5246383757796139,
      1.4965057441848333,
      2.368403434753418,
      2.111228959215805,
      2.148871660232544,
      2.74943240727298,
      2.201364264823497,
      1.6951995996292681,
      2.616080784797669,
      1.3433105604257436,
      2.1884217163547874,
      2.178326964378357,
      1.7323303416837008,
      2.1229451298713684,
      2.9146347613073886,
      2.3619355466216803,
      2.74994357265532,
      2.448535213246942,
      1.1002685641171412,
      2.9927902335533876,
      1.7232728000730275,
      1.6428222703398205,
      1.4887039279565217,
      1.397106991428882,
      2.6994141038507222,
      2.7506749033927917,
      2.452783351764083,
      1.2008941945154221,
      2.224131803959608,
      1.9777023559901865,
      2.0218231620267035,
      1.3992797921411695,
      2.2843902776483445,
      2.8310516529949386,
      1.3799484764225782,
      3.014616408571601,
      1.9200728476047517,
      2.8692718678386884,
      2.8345810092287143,
      2.8913547769188885,
      2.532364060357213,
      2.2678234189748765,
      3.0370895609259607,
      2.627693843841553,
      1.5114822623785584,
      0.5675461293198168,
      2.7594788821414116,
      2.921812451956794,
      3.0302673645783216,
      2.168070983886719,
      2.9701599297812207,
      2.632862213253975,
      2.7502312302589416,
      2.5281830183230345,
      1.430925000156276,
      1.9328435115516187,
      0.48427734982687987,
      1.662303172517568,
      1.5947876091813669,
      2.587381323426962,
      1.5773315565893427,
      1.9226983070373538,
      2.467451477050781,
      2.1543152310885487,
      2.952499453071505,
      1.5877136345021428,
      2.364670121669769,
      2.2746521202847365,
      2.7273926988244055,
      0.5034637477539945,
      1.4328155614668505,
      0.9946595713496209,
      2.248605390265584,
      2.1927533626556395,
      1.652679457818158,
      0.0363022431731224,
      2.4625980004668238,
      1.2281250090803952,
      1.6012848632410168,
      1.9782829284667969,
      2.5909424917772412,
      2.656970288604498,
      1.4279510623076932,
      2.2193161110626534,
      3.03218995698262,
      1.890402237814851,
      1.429974383255467,
      1.6330201972275973,
      2.51411451343447,
      0.21913148069288582,
      1.760285961162299,
      0.9009353745961562,
      2.8907623518723997,
      2.563397306762636,
      2.6193543273955586,
      2.862254343554378,
      0.5520645229960792,
      1.5889282690361144,
      0.9863251497969032,
      1.4677705209702254,
      2.527716083312407,
      2.9129364150576293,
      2.197314471984282,
      1.5657715030945838
    ],
    "perturbation_strength": 0.1
  }
}