{
  "layer": 30,
  "rank": 32,
  "critical_channels": [
    61,
    93,
    88,
    123,
    38,
    106
  ],
  "safe": true,
  "profiling_metadata": {
    "test_prompt": "\u8bf7\u7528\u4e2d\u6587\u56de\u7b54\u4ee5\u4e0b\u95ee\u9898\uff1a\n\n<think>\n\u9996\u5148\uff0c\u6211\u9700\u8981\u7406\u89e3\u673a\u5668\u5b66\u4e60\u7684\u6838\u5fc3\u6982\u5ff5...\n</think>\n\n\u95ee\u9898\uff1a\u4ec0\u4e48\u662f\u673a\u5668\u5b66\u4e60\uff1f\n\n\u56de\u7b54\uff1a\n",
    "num_channels": 128,
    "critical_ratio": 0.046875,
    "importance_scores": [
      2.2680994033813477,
      2.3611183166503906,
      2.216595644503832,
      1.9817283362150193,
      2.460760510480031,
      2.4528976887464524,
      1.8711883952841164,
      2.7683227633358913,
      2.1747681091539564,
      2.316339321434498,
      2.272815978527069,
      2.125988915935159,
      1.9081298921024428,
      1.5351196928881108,
      2.1155120849609377,
      2.086035203188658,
      2.349408642947674,
      2.129810254275799,
      2.6689453230472284,
      1.9537146031856538,
      2.448254441190511,
      2.1300753749907018,
      2.1724497899413113,
      2.2165528500452636,
      2.2869140625,
      1.9119995871558788,
      2.5198525309562685,
      2.5642613001167778,
      1.7578653156757356,
      2.099055787920952,
      2.235299702454358,
      1.7417237099260092,
      2.0249146670103073,
      1.9590408325195312,
      1.937609881721437,
      2.229858656600118,
      2.1008209899067882,
      1.7231474101543427,
      2.7842195112258197,
      2.6849716412834823,
      1.5047487441450358,
      2.336621194891632,
      2.230221663229168,
      2.141923522949219,
      1.8769016265869143,
      1.0532743632793429,
      2.511404436756857,
      2.7417979255318645,
      2.5849655556492506,
      2.168774627521634,
      0.8447341999621131,
      1.8848644256591798,
      2.2173583984375,
      2.170108064915985,
      2.1773780822753905,
      2.0315094102406874,
      1.3427553191781045,
      2.3724578924127853,
      1.9834240317344667,
      1.015484619140625,
      1.3468002547044307,
      2.8899688854115086,
      2.235864284215495,
      2.262207048013807,
      2.3222169633954763,
      2.4674591162242,
      2.4380126953125005,
      1.908712802361697,
      2.522906512720511,
      2.2781433359719814,
      1.877984619140625,
      1.8665539503097535,
      0.7703407614491881,
      2.5022285461425784,
      2.320556651731022,
      0.5832016067346558,
      2.199217414855957,
      2.287133920378983,
      2.290123748779297,
      2.0501632690429688,
      2.305120877129957,
      2.155304034985602,
      2.121943426132202,
      2.0118409348651767,
      2.721204449236393,
      2.098873915825971,
      1.9541259908815847,
      2.338079851237126,
      2.7965088343247775,
      0.5254928794223815,
      2.6456878662109378,
      1.7879865884780886,
      2.3960022777318954,
      2.803579721762799,
      2.2913757426897066,
      2.1221878428943453,
      2.7139709578128532,
      2.052402336895466,
      2.262933429516852,
      2.3145135402679444,
      2.2474595395848156,
      1.7300541065633297,
      2.08623221218586,
      2.16132822111249,
      1.9154134422540665,
      2.2742889569839466,
      2.7838867187500003,
      1.9957405462861062,
      2.3688018798828123,
      1.9116823725402354,
      2.2053380966186524,
      2.0727979809045793,
      2.2090423662215475,
      2.4623512744903566,
      2.205737479031086,
      2.096612757816911,
      2.5756927709560844,
      2.288380327820778,
      2.0171328265219928,
      2.503318804921583,
      2.038605243712664,
      2.0021556094288826,
      2.1033996582031254,
      2.7897462714463472,
      2.3597622394561766,
      1.6371827021241188,
      2.66294504404068,
      2.2431396801490338
    ],
    "perturbation_strength": 0.1
  }
}