{
  "layer": 24,
  "rank": 32,
  "critical_channels": [
    71,
    113,
    19,
    120,
    77,
    59
  ],
  "safe": true,
  "profiling_metadata": {
    "test_prompt": "\u8bf7\u7528\u4e2d\u6587\u56de\u7b54\u4ee5\u4e0b\u95ee\u9898\uff1a\n\n<think>\n\u9996\u5148\uff0c\u6211\u9700\u8981\u7406\u89e3\u673a\u5668\u5b66\u4e60\u7684\u6838\u5fc3\u6982\u5ff5...\n</think>\n\n\u95ee\u9898\uff1a\u4ec0\u4e48\u662f\u673a\u5668\u5b66\u4e60\uff1f\n\n\u56de\u7b54\uff1a\n",
    "num_channels": 128,
    "critical_ratio": 0.046875,
    "importance_scores": [
      2.0984619355760517,
      2.085248171538115,
      2.1111977577209475,
      2.478196859359741,
      2.1504251480102536,
      2.065618705749512,
      2.6833160400390628,
      0.541427641781047,
      1.8730927446857095,
      1.7334351792931557,
      2.3866745301056653,
      2.4788732528686523,
      2.408605122566223,
      2.3144472215324643,
      2.056311136856675,
      2.0023789882659915,
      2.213772487640381,
      2.661133898794651,
      1.9216308956965806,
      2.84381107930094,
      1.9010987618938089,
      1.9002378225326537,
      1.6408332079648973,
      2.5313009291887285,
      1.8582524292171003,
      2.065539586544037,
      2.3687164683826265,
      2.323133446276188,
      2.1517253875732423,
      1.9060430325567723,
      1.9898563079535962,
      1.851165771484375,
      1.3776733786799014,
      2.1860920429229735,
      1.8669441223144532,
      2.3152008056640625,
      1.6190338567830622,
      2.2226440826430918,
      1.6468872483819723,
      1.9623779552523046,
      1.8035941243171691,
      2.1686280045658353,
      2.0009644093923273,
      1.6833282470703126,
      2.1610172770917417,
      2.2758762992918493,
      2.239851832389832,
      1.3571167108835653,
      2.6246460449881854,
      2.4480774336494506,
      1.7607422062195839,
      1.5455826132558288,
      2.2416461944580077,
      1.6131775941699744,
      2.5155273937620226,
      2.1430847494862975,
      1.4059677492827178,
      2.1484580993652345,
      1.949392557144165,
      2.7284485595300794,
      2.0654274463653564,
      1.9678406342864037,
      2.1228882897645236,
      0.8932098735123872,
      2.4051805734634404,
      2.3072327487170696,
      1.8982795864343645,
      0.8557617272017524,
      1.527104215649888,
      2.3742553987540305,
      1.6972127795219423,
      2.9191652446985246,
      2.722412219457328,
      1.812989738583565,
      2.5908084072172644,
      1.8693361420184376,
      1.8675933837890626,
      2.7392274379730224,
      2.280909110605717,
      2.0324649304151534,
      2.19103394811973,
      2.5633377194637434,
      2.288078308105469,
      2.1586022973060612,
      1.443750026682392,
      2.0990829467773438,
      2.5820571899414064,
      2.4378113265149297,
      2.561056882888079,
      2.033200141694397,
      2.338672871887684,
      1.8120544956065716,
      2.3336978495121006,
      2.465249722078443,
      1.9482194900512697,
      1.9161378126591446,
      1.8098777770996095,
      2.0393322825431826,
      2.003805541992188,
      2.1550034523010253,
      2.187914276123047,
      2.128602123260498,
      2.4760061264038087,
      1.1368897289037705,
      2.0777711603790525,
      1.4743556499481203,
      2.603344746818766,
      1.9543459478765728,
      2.4390687957406043,
      1.7092959281057118,
      1.9261382818222046,
      1.1259491030708886,
      2.4637545585632323,
      2.851453495025635,
      1.7867187738884243,
      2.208282470703125,
      1.0421203686622904,
      1.3360748391598465,
      2.4918091787025336,
      2.574350192397833,
      2.77489013671875,
      1.4883441001176834,
      2.2059421062469484,
      2.1782522678375247,
      2.4630889892578125,
      1.4690232276916504,
      2.150928127765656,
      2.168829642981291
    ],
    "perturbation_strength": 0.1
  }
}