{
  "layer": 16,
  "rank": 32,
  "critical_channels": [
    68,
    83,
    6,
    16,
    122,
    88
  ],
  "safe": true,
  "profiling_metadata": {
    "test_prompt": "\u8bf7\u7528\u4e2d\u6587\u56de\u7b54\u4ee5\u4e0b\u95ee\u9898\uff1a\n\n<think>\n\u9996\u5148\uff0c\u6211\u9700\u8981\u7406\u89e3\u673a\u5668\u5b66\u4e60\u7684\u6838\u5fc3\u6982\u5ff5...\n</think>\n\n\u95ee\u9898\uff1a\u4ec0\u4e48\u662f\u673a\u5668\u5b66\u4e60\uff1f\n\n\u56de\u7b54\uff1a\n",
    "num_channels": 128,
    "critical_ratio": 0.046875,
    "importance_scores": [
      1.0486176026053728,
      2.5916382280178367,
      2.341223669052124,
      2.2240579605102537,
      1.9674229726195336,
      1.1780304082902149,
      2.851527494750917,
      2.36345252841711,
      1.6416923701763153,
      2.168078720010817,
      2.2154543485492466,
      2.1488038025796414,
      2.189117765426636,
      1.9184200763702395,
      2.2941620325669647,
      1.6487184695899488,
      2.8116668824804947,
      2.031009131669998,
      2.0707738399505615,
      1.969009682163596,
      2.42386493049562,
      1.836832082271576,
      2.4281556511297824,
      2.2451242327690126,
      2.190472412109375,
      1.4677674513310195,
      1.330560346879065,
      1.5111160278320315,
      2.074745750427246,
      1.5944339647889139,
      2.3222050189971926,
      2.467110013961792,
      2.164465669542551,
      1.030042015761137,
      1.9927189826965335,
      1.9388689219951631,
      2.475461056828499,
      0.549713144544512,
      2.230392408370972,
      2.199755993485451,
      2.286964982748032,
      1.928787136077881,
      1.9331364154815676,
      2.1886423587799073,
      2.023828650265932,
      1.0995056479237975,
      2.2141337871551516,
      1.3726971626281739,
      2.3226994328200816,
      1.768613913655281,
      2.1895996814593675,
      1.7762665033806115,
      2.447934128716588,
      2.341700327396393,
      2.656205769488588,
      2.063208053354174,
      2.246054172515869,
      1.4215003550052645,
      2.3334961404092613,
      1.6673859097994865,
      1.4152345951646568,
      2.2576599308289587,
      1.9864857196807864,
      2.4760255638509987,
      2.5165482401847843,
      1.5038452311884614,
      2.4675427436828614,
      1.6682290554046633,
      2.948132760077715,
      2.4942438244819645,
      2.0129827499389648,
      2.089163249079138,
      0.9325470588169992,
      1.2475799821782858,
      0.4310178756713868,
      1.269632363319397,
      2.340200884453952,
      1.731072211265564,
      2.109065274801105,
      1.9368713800795379,
      1.8711181640625,
      2.353374254703522,
      2.554116835468449,
      2.862304769083858,
      2.354441595077515,
      1.9650885477662088,
      1.4022217213176191,
      1.9289063293486834,
      2.688794142007828,
      1.4323323369026184,
      2.4482691764831546,
      2.4499019145965577,
      2.527526915073395,
      2.0726725101470946,
      2.014257921464741,
      2.2795806646347048,
      2.209649778902531,
      2.1684814453125,
      1.6649420186877253,
      1.5297730285674336,
      1.5911810234189034,
      2.1611740306485445,
      2.101025600731373,
      1.0211676403880119,
      2.157226834073663,
      2.4635864852927627,
      2.3711668968200685,
      1.2475220469757915,
      2.1244046092033386,
      2.5410616226494316,
      0.5553715765476227,
      1.8359833026304841,
      1.9976101756095885,
      2.6147180203348404,
      2.0956531524658204,
      2.218429517745972,
      2.1288543761940675,
      2.145361647754908,
      0.6123382773716004,
      2.682917129993439,
      1.595620745420456,
      1.9861168444156647,
      2.7537160515785217,
      2.172051525115967,
      1.8249786543892696,
      2.3164032792672518,
      1.9365760803222658,
      2.1734139680862428
    ],
    "perturbation_strength": 0.1
  }
}