{
  "layer": 10,
  "rank": 32,
  "critical_channels": [
    15,
    53,
    24,
    104,
    87,
    10
  ],
  "safe": true,
  "profiling_metadata": {
    "test_prompt": "\u8bf7\u7528\u4e2d\u6587\u56de\u7b54\u4ee5\u4e0b\u95ee\u9898\uff1a\n\n<think>\n\u9996\u5148\uff0c\u6211\u9700\u8981\u7406\u89e3\u673a\u5668\u5b66\u4e60\u7684\u6838\u5fc3\u6982\u5ff5...\n</think>\n\n\u95ee\u9898\uff1a\u4ec0\u4e48\u662f\u673a\u5668\u5b66\u4e60\uff1f\n\n\u56de\u7b54\uff1a\n",
    "num_channels": 128,
    "critical_ratio": 0.046875,
    "importance_scores": [
      1.540519714355469,
      1.8790423065423967,
      1.2533571112900974,
      2.513072454929352,
      1.9337385177612307,
      2.717106679547578,
      1.7140930506866425,
      2.8265504226088525,
      1.8884522389620544,
      0.5998688090592623,
      2.9193023861851546,
      2.6532496333122255,
      0.7179534963448533,
      1.8911988992244007,
      1.4274595260620118,
      3.067533885128796,
      1.9978486230596901,
      2.187265205383301,
      2.7552086770534516,
      1.5888214461971075,
      2.3288833618164064,
      1.9708681378513575,
      2.0892173767089846,
      1.3662780936341734,
      2.9687057606177403,
      2.443820231501013,
      2.1023459851741793,
      2.31022481918335,
      2.0058566093444825,
      2.494552516937256,
      2.6274580299854278,
      2.3397842407226563,
      2.5902600288391113,
      2.2468872436322274,
      1.9308029310312123,
      2.164032007288188,
      2.825702139735222,
      2.5173416733741765,
      0.497644123993814,
      2.3098512664437294,
      1.293313629925251,
      0.5789795199874789,
      2.45399249792099,
      2.866848397254944,
      1.4912751557305455,
      2.690054573863745,
      1.3252942562103274,
      2.131289291381836,
      1.655900764465332,
      2.8132507431786506,
      2.221655297046527,
      1.7252872467041018,
      1.838195870630443,
      3.0246658435557037,
      2.4309074878692627,
      2.2239016074687243,
      2.1498095989227295,
      2.474425506591797,
      2.3055543724447487,
      0.5252228182740509,
      0.009926994482520967,
      2.587860137457028,
      1.4781097968108954,
      2.001322102546692,
      1.9641639366745949,
      1.9149019479751588,
      2.1321731567382813,
      0.5351745655061677,
      2.546036720275879,
      2.2603702910244468,
      2.735138001199812,
      2.9146617665886883,
      0.7338165607303382,
      1.6467195637524128,
      2.388336426392198,
      2.560012843506411,
      2.2563448224216702,
      2.0493164190324027,
      2.0118782192468645,
      2.6618904307484628,
      2.0324026107788087,
      2.8152755999937655,
      2.212150925397873,
      2.788021873217076,
      1.817414951324463,
      2.3494370937347413,
      2.574786929041147,
      2.933811759948731,
      2.5887351512908934,
      1.610018946044147,
      1.1448913817293944,
      2.2166765213012694,
      2.19174747467041,
      2.663659518957138,
      1.6142822843976319,
      1.8651947198202834,
      2.3540557920932774,
      2.2383667724207044,
      2.0650915145874023,
      2.285365173220635,
      2.253776741027832,
      2.0882354736328126,
      1.583555616508238,
      1.4339368253946305,
      2.9591187132522467,
      1.83118896484375,
      1.629791297763586,
      2.1775317192077637,
      2.2830566406250004,
      1.6525543361669408,
      2.1632715225219727,
      2.149560982733965,
      2.8301696937298404,
      1.6130050753476097,
      2.149462985992432,
      1.4863769680028782,
      2.0638428907841444,
      2.815200881101191,
      2.293237446062267,
      2.7523285739123824,
      2.2368499755859377,
      2.0603851318359374,
      1.7513965606689454,
      2.4992676764726642,
      0.4899261613609269,
      1.4692078843712808,
      2.335331153869629,
      1.3274288177490234
    ],
    "perturbation_strength": 0.1
  }
}