{
  "layer": 4,
  "rank": 32,
  "critical_channels": [
    63,
    70,
    24,
    45,
    110,
    108
  ],
  "safe": true,
  "profiling_metadata": {
    "test_prompt": "\u8bf7\u7528\u4e2d\u6587\u56de\u7b54\u4ee5\u4e0b\u95ee\u9898\uff1a\n\n<think>\n\u9996\u5148\uff0c\u6211\u9700\u8981\u7406\u89e3\u673a\u5668\u5b66\u4e60\u7684\u6838\u5fc3\u6982\u5ff5...\n</think>\n\n\u95ee\u9898\uff1a\u4ec0\u4e48\u662f\u673a\u5668\u5b66\u4e60\uff1f\n\n\u56de\u7b54\uff1a\n",
    "num_channels": 128,
    "critical_ratio": 0.046875,
    "importance_scores": [
      1.630645761382766,
      2.5225664138793946,
      2.1945402681827546,
      1.646710493415594,
      1.9686431884765625,
      1.8218211054801943,
      2.6606644143350424,
      2.2425211548805235,
      1.9147341247648002,
      1.9244002342224122,
      0.4681244377046824,
      1.8996590346097948,
      1.7536560150794684,
      0.507299815514125,
      2.227016931772232,
      1.925208257138729,
      1.226874152570963,
      1.5460298206657173,
      1.6219696387182923,
      2.3644625071436165,
      2.671931471978314,
      1.9611237958073615,
      1.4467438565567137,
      1.5336853994056583,
      2.958255027374253,
      2.0259291738271714,
      0.5625351130962372,
      1.8814571380615235,
      1.6428863700013607,
      2.3003429144620897,
      2.076120948791504,
      2.1475134432315826,
      2.3663932532072067,
      2.5143620014190677,
      1.671667540818453,
      2.4027149796485903,
      1.1140534380450846,
      1.7986085649579764,
      1.3881959136575461,
      2.260308265686035,
      1.6190189458429813,
      2.2960822314023974,
      2.4306915640830997,
      1.7323670051060618,
      2.8173356473445894,
      2.9406082153320314,
      2.238583509810269,
      2.148732990026474,
      1.6062136694788933,
      2.8281159827485682,
      2.1128625392913816,
      2.5970099568367004,
      1.6283081420697272,
      1.8095703203231097,
      1.6678817912470552,
      2.654517424106598,
      2.670031189918518,
      2.285726720094681,
      0.9355176001787187,
      2.591817665100098,
      1.6201492795720698,
      2.424310302734375,
      2.5657152112573387,
      3.053260825015605,
      2.5883233044296503,
      2.3297611087560655,
      1.7374725441681222,
      2.6127625444903972,
      2.2811036974191667,
      1.9025482633151116,
      3.0184869766235356,
      1.6307382568717004,
      2.470178282260895,
      2.7929566994309427,
      1.4514892934355885,
      1.5656220426782965,
      1.6807617313927041,
      2.78726503350772,
      0.026336678653024137,
      0.5054702804540284,
      2.4558838463388386,
      2.088848352432251,
      1.5210938611999154,
      1.326173425046727,
      0.5414520345744678,
      2.0608665466308596,
      2.175381314754486,
      2.3659364128485323,
      2.8062034606933595,
      2.3123474914580586,
      2.6647309936583046,
      1.993951509334147,
      2.1968000382184987,
      1.1084239006042482,
      2.0179669141769407,
      2.428944775462151,
      1.845087432861328,
      2.1483772277832034,
      2.8158035466913134,
      1.4199467428028585,
      2.8277858734130863,
      1.9901602983474733,
      2.562901094555855,
      2.2309998512268066,
      2.060107786208391,
      1.858450698852539,
      1.9701877593994142,
      2.534046745300293,
      2.8505279880482703,
      2.101205635070801,
      2.891850289388094,
      2.1321718711405997,
      2.825402845791541,
      1.9729975700378417,
      2.567736841412261,
      1.2738343380391597,
      1.5261444488540294,
      2.3715454978868364,
      2.7501069758087398,
      1.4582504365360365,
      2.4162735402584077,
      2.526759761571884,
      2.7376237869262696,
      0.5137420691491571,
      1.7498544901609423,
      2.763594083534554,
      2.5890260621905328,
      1.7111251969356092
    ],
    "perturbation_strength": 0.1
  }
}