{
  "layer": 20,
  "rank": 32,
  "critical_channels": [
    82,
    124,
    75,
    70,
    122,
    127
  ],
  "safe": true,
  "profiling_metadata": {
    "test_prompt": "\u8bf7\u7528\u4e2d\u6587\u56de\u7b54\u4ee5\u4e0b\u95ee\u9898\uff1a\n\n<think>\n\u9996\u5148\uff0c\u6211\u9700\u8981\u7406\u89e3\u673a\u5668\u5b66\u4e60\u7684\u6838\u5fc3\u6982\u5ff5...\n</think>\n\n\u95ee\u9898\uff1a\u4ec0\u4e48\u662f\u673a\u5668\u5b66\u4e60\uff1f\n\n\u56de\u7b54\uff1a\n",
    "num_channels": 128,
    "critical_ratio": 0.046875,
    "importance_scores": [
      2.7260650770971555,
      2.1105026884935794,
      2.4341095403768125,
      2.1987762689590458,
      1.9763062892481684,
      1.9599000476300716,
      2.578369208518416,
      1.54654588624835,
      2.4333021670579913,
      2.5163031920790675,
      1.7178589045302943,
      1.4784976810216905,
      2.289282300323248,
      1.3633850754238666,
      2.5941284262458795,
      2.0685302909696475,
      0.9255310172447936,
      1.6261383584700524,
      2.423541381582618,
      2.0763674557209018,
      2.5358764950186012,
      2.7154822826385496,
      1.739146431721747,
      2.3237701682839544,
      2.276739803701639,
      1.7454015493392945,
      2.1388718724250797,
      2.121839690208435,
      2.460298170358874,
      2.336576128005982,
      2.576709344238043,
      1.7459657214581967,
      1.9660645025782288,
      2.1130140006542204,
      1.7097657049074768,
      2.019505023956299,
      1.8190185546875002,
      2.0801971435546878,
      2.289672880480066,
      1.8255991816520691,
      2.492877245601267,
      2.5867187691386793,
      1.2974609571974725,
      1.8259795129299163,
      1.8862458661198618,
      2.2371711924672124,
      0.8089080992154777,
      2.6658935884945096,
      2.2193039409816264,
      1.5462402442237362,
      1.7389938515843826,
      1.809839488565922,
      2.3725587368011474,
      2.1255866616964343,
      2.194853973388672,
      0.532064828905277,
      2.0699237793684007,
      2.2416168298455887,
      1.9817719522863628,
      2.185596004873514,
      1.8552138417959214,
      2.3317383801564575,
      1.72220154828392,
      2.2231323689222338,
      1.601232934743166,
      2.3045416951179507,
      2.5627505324780944,
      2.4311525102704765,
      2.2216206669807432,
      2.1974853515625,
      2.814233418414369,
      2.313769658096135,
      0.9837768651079386,
      2.7066177368164066,
      2.2269049644470216,
      2.8622192448470742,
      2.0780827917158606,
      2.7244980243965986,
      1.4049397587776185,
      2.6280086994171143,
      2.112861687783152,
      2.063235306739807,
      2.893211375293322,
      2.174951491504908,
      1.2545288232620808,
      1.6259675351902843,
      2.45124249458313,
      2.7522644688375295,
      2.4623139506205916,
      2.111907649040222,
      2.50989075943362,
      1.8465309143066406,
      1.862117385864258,
      1.9796145483851435,
      2.2154441833496095,
      2.3731293451040982,
      2.112804121524096,
      1.9487533569335938,
      2.0591283798217774,
      2.1807617268175816,
      1.9088745258981363,
      1.8181857712566853,
      1.82025465965271,
      1.9722658932209014,
      2.245933627150953,
      2.488074065744877,
      2.5167694330681116,
      0.5606018184451387,
      2.6305065870285036,
      2.026695394515991,
      2.6603012252599,
      2.71563148573041,
      2.072833400592208,
      1.6215669713914396,
      2.1470195770263674,
      1.9140390157699585,
      1.2622772781178357,
      2.2755392283201217,
      2.305478835105896,
      1.404254203476012,
      2.4009961426258086,
      2.3263133600354196,
      2.81401676973328,
      2.36698914503213,
      2.8704467854462568,
      1.556385725736618,
      1.6597810614854098,
      2.7868408374255527
    ],
    "perturbation_strength": 0.1
  }
}