{
  "layer": 12,
  "rank": 32,
  "critical_channels": [
    88,
    56,
    69,
    118,
    80,
    19
  ],
  "safe": true,
  "profiling_metadata": {
    "test_prompt": "\u8bf7\u7528\u4e2d\u6587\u56de\u7b54\u4ee5\u4e0b\u95ee\u9898\uff1a\n\n<think>\n\u9996\u5148\uff0c\u6211\u9700\u8981\u7406\u89e3\u673a\u5668\u5b66\u4e60\u7684\u6838\u5fc3\u6982\u5ff5...\n</think>\n\n\u95ee\u9898\uff1a\u4ec0\u4e48\u662f\u673a\u5668\u5b66\u4e60\uff1f\n\n\u56de\u7b54\uff1a\n",
    "num_channels": 128,
    "critical_ratio": 0.046875,
    "importance_scores": [
      2.3821228027343753,
      2.364157521724701,
      1.8911645591259003,
      2.0294962882995606,
      2.042514371871948,
      2.316984585905448,
      1.8853538423776628,
      2.142703288700432,
      2.1276126556098465,
      1.2243011647136883,
      2.270156764984131,
      1.3265014877542853,
      1.2216189831495285,
      2.388025210797787,
      2.065229868888855,
      2.215401077270508,
      2.2849916238337755,
      1.7662380695343018,
      1.9083929240703585,
      2.615341338515282,
      1.8743401288986208,
      1.8873048674315214,
      1.9356544733047487,
      1.8485229608137161,
      1.7977691772626714,
      2.504058959707618,
      2.2101267337799073,
      1.8525452956557276,
      2.5781494570896033,
      1.9273560218513013,
      2.1266851112246514,
      1.882158088684082,
      1.8776207864284518,
      1.9540612816810607,
      2.409740686416626,
      2.2251764059066774,
      1.09992735683918,
      1.6335232079029083,
      2.1862016767263412,
      2.017700260132551,
      2.1859859466552733,
      2.145026111602783,
      2.2690246792975817,
      1.9685765266418458,
      2.0274996243417265,
      2.222647476196289,
      1.2100626885890962,
      2.5002005696296696,
      0.8554811839014291,
      2.5320801982656125,
      1.4786621427629145,
      1.288623168691993,
      2.177825927734375,
      1.3877871245145799,
      2.2163331385701897,
      2.237524553760886,
      2.7484200790524485,
      1.4754882990615443,
      1.8690920494496823,
      2.5404511101543905,
      2.2653325922787193,
      1.7816650904715061,
      1.7979125976562502,
      1.5161819966509937,
      2.247090268135071,
      2.221190643310547,
      1.8316162109375,
      2.0531131237745286,
      2.035799276828766,
      2.6917724609375,
      2.5746117174625396,
      2.188090705871582,
      2.361549758911133,
      2.561426456272602,
      2.4313045978546146,
      1.8119599232450128,
      1.5042450705543162,
      1.9729492947459222,
      1.9511231631040573,
      1.9999160766601565,
      2.632528830692172,
      2.4540009589865805,
      2.4519166581332685,
      1.8917148396372796,
      2.1503796577453613,
      2.0709716796874997,
      2.273022782802582,
      1.4716326117515566,
      2.8151292067021134,
      1.7641174447024242,
      2.0751226738095285,
      2.605355513095856,
      2.2489284455776217,
      2.0933107290416957,
      1.9635454088449478,
      2.340524400956929,
      1.5974580992013216,
      2.369373321533203,
      1.8146124124526979,
      1.785552978515625,
      2.6118088013026868,
      2.011703668907285,
      2.468804951198399,
      1.6686730384826662,
      2.2130982680246234,
      2.0255379632115362,
      2.164117476902902,
      2.291027991846204,
      2.3025862693786623,
      1.46670544911176,
      1.7698129653930665,
      1.1168582297861578,
      2.401271453499794,
      1.6234257377684118,
      1.8134888779371978,
      2.063949203491211,
      1.8178955745883287,
      2.208276489004493,
      2.6379884634166957,
      1.2987793108448387,
      2.089198699593544,
      2.121447904780507,
      0.887017868924886,
      2.3159361124038695,
      1.7451600026339293,
      2.362803581357002,
      2.1400281429290775,
      2.187203097343445
    ],
    "perturbation_strength": 0.1
  }
}