{
  "layer": 38,
  "rank": 32,
  "critical_channels": [
    70,
    97,
    83,
    72,
    105,
    92
  ],
  "safe": true,
  "profiling_metadata": {
    "test_prompt": "\u8bf7\u7528\u4e2d\u6587\u56de\u7b54\u4ee5\u4e0b\u95ee\u9898\uff1a\n\n<think>\n\u9996\u5148\uff0c\u6211\u9700\u8981\u7406\u89e3\u673a\u5668\u5b66\u4e60\u7684\u6838\u5fc3\u6982\u5ff5...\n</think>\n\n\u95ee\u9898\uff1a\u4ec0\u4e48\u662f\u673a\u5668\u5b66\u4e60\uff1f\n\n\u56de\u7b54\uff1a\n",
    "num_channels": 128,
    "critical_ratio": 0.046875,
    "importance_scores": [
      3.0302669763565064,
      2.0444861948490143,
      2.236466486752033,
      1.3832687583286316,
      2.1250497803092006,
      2.236646055430174,
      2.5737763009965424,
      2.5696291130036117,
      2.523514556884766,
      2.0051779448986053,
      1.9140161514282228,
      2.410714946314693,
      2.575003366917372,
      1.7437161922454834,
      1.4866949439048769,
      2.624318185448647,
      2.3389549165964127,
      1.6516815185546876,
      0.5700867095962168,
      2.4631683349609377,
      1.5530528068542482,
      2.249907171726227,
      1.5944226920604707,
      2.7310062505304815,
      1.0441657051444053,
      2.3123907402157786,
      1.5164321392774585,
      2.1117200553417206,
      1.663782075792551,
      2.2642028808593753,
      1.2631324604153635,
      2.624475705623627,
      2.330376172065735,
      2.230145263671875,
      1.4256350830197335,
      1.8306153578683735,
      2.647058148495853,
      2.4525325775146483,
      1.4769410403445364,
      3.0173509359359745,
      2.067097481910605,
      2.7236569076776505,
      1.5531267791986467,
      2.676426696777344,
      2.7659088676795367,
      2.1522827475331723,
      2.2067036867141727,
      2.7325709879398348,
      1.5772351026535034,
      2.5353793345391753,
      2.1410051345825196,
      2.299936570227146,
      2.4348987579345707,
      2.461724853515625,
      2.5624946519732474,
      2.758918046951294,
      1.8651876479387284,
      2.091309002786875,
      2.529880619049073,
      1.793986511230469,
      2.2258974075317384,
      2.424780742824078,
      2.72668459196575,
      1.8838907599449157,
      2.622917199134827,
      2.195348811149597,
      2.8666264258325103,
      2.7504534035921098,
      1.7805188566446304,
      1.8123049456626177,
      3.598416269011796,
      2.2360076904296875,
      3.2172985315322875,
      2.971729391813278,
      0.02234577415511012,
      1.6673728942871093,
      1.7776921272277832,
      2.4175796985626223,
      2.824298667907715,
      2.549586266279221,
      1.824122801423073,
      2.5231952100992205,
      2.1592117309570313,
      3.30053726695478,
      1.8240234883502127,
      2.04237060546875,
      1.2762332409620287,
      1.1689438819885256,
      1.9082033339887858,
      2.4047454833984374,
      2.02416934967041,
      2.377027797698975,
      3.114526740461588,
      1.9956819470971825,
      2.228683090209961,
      2.170902967453003,
      2.0456687927246096,
      3.45173636674881,
      2.3388577163219453,
      2.1385043144226077,
      1.9528528928756714,
      1.167383284121752,
      2.599087500572205,
      2.155573272705078,
      2.03429172039032,
      3.1611604303121568,
      1.242321814224124,
      2.287698245048523,
      1.3645040720701218,
      2.2246622443199158,
      2.099487566202879,
      1.6541992320911958,
      2.7530517963692547,
      2.330399894714356,
      2.5126344807446004,
      1.1908447897061705,
      2.077874755859375,
      2.930128401517868,
      2.292383232712746,
      2.366895635426044,
      1.9426087174564601,
      2.849939134716988,
      3.0554443359375005,
      2.7720970153808593,
      2.3486091613769533,
      2.049585448205471,
      3.017041124030948,
      2.387030523270369
    ],
    "perturbation_strength": 0.1
  }
}