{
  "layer": 32,
  "rank": 32,
  "critical_channels": [
    71,
    23,
    95,
    26,
    66,
    47
  ],
  "safe": true,
  "profiling_metadata": {
    "test_prompt": "\u8bf7\u7528\u4e2d\u6587\u56de\u7b54\u4ee5\u4e0b\u95ee\u9898\uff1a\n\n<think>\n\u9996\u5148\uff0c\u6211\u9700\u8981\u7406\u89e3\u673a\u5668\u5b66\u4e60\u7684\u6838\u5fc3\u6982\u5ff5...\n</think>\n\n\u95ee\u9898\uff1a\u4ec0\u4e48\u662f\u673a\u5668\u5b66\u4e60\uff1f\n\n\u56de\u7b54\uff1a\n",
    "num_channels": 128,
    "critical_ratio": 0.046875,
    "importance_scores": [
      1.323960894276388,
      2.345787110924721,
      2.757812513061799,
      2.126969075202942,
      2.2642517416737973,
      1.9648202881217003,
      1.9729598999023437,
      2.3825440207496285,
      2.166250026226044,
      2.848493957519531,
      2.919043165445328,
      2.247434616088867,
      2.124258466158062,
      2.354993138462305,
      2.3003437459468845,
      1.7457395553588868,
      2.3700809396803377,
      2.955249060876668,
      2.634945697011426,
      1.8403931725770235,
      2.651202454883605,
      2.4360549598932266,
      2.665522896870971,
      3.1909030437469483,
      2.4917005300521855,
      2.106512470589951,
      2.9914842844009404,
      2.589129650592804,
      2.9206085349665956,
      1.947314676642418,
      1.7531982719432564,
      1.9919498048722744,
      2.2081079483032227,
      1.9876343051437289,
      2.671164042130113,
      1.7009460788685828,
      0.5296386820729821,
      0.9399841385777109,
      1.923877202346921,
      1.3468505917000586,
      1.7771936416625977,
      2.5845108032226567,
      2.0072394981980324,
      1.8181794045493007,
      2.370175488293171,
      2.339592933654785,
      2.631704145669937,
      2.9681595008587465,
      2.68976442553103,
      2.3194202542304994,
      2.272482538223267,
      2.656732390075922,
      1.9600286662578583,
      2.0522362291812897,
      2.3207489314023406,
      2.388840103149414,
      2.486039626598358,
      1.3019179970026016,
      2.211694424785674,
      1.5762454077601435,
      2.49986269925721,
      1.8909427449107172,
      1.9772032380104065,
      2.8920013677794487,
      1.6005050182342528,
      2.5795855402946475,
      2.990029924549163,
      2.684346008300781,
      2.445336934039369,
      1.5934636473655701,
      2.381212615966797,
      3.287419141130522,
      1.6042911201715468,
      2.258667416870594,
      1.6702753067016602,
      2.426729464530945,
      2.815438857511617,
      2.226784896850586,
      1.8388260364532472,
      2.61895866394043,
      2.0024632915854457,
      1.6113681755959988,
      1.8459181904792787,
      2.2752747895196084,
      2.0686279296875,
      1.6844178810715675,
      2.866079719422851,
      2.106396733596921,
      2.2845976412296296,
      2.626566344499588,
      2.8884704727446664,
      2.6344884634017944,
      1.5930053892545402,
      1.9065246737794952,
      1.6758790638297798,
      3.051399244368077,
      2.5741108894348144,
      2.6311340658925473,
      2.00846643447876,
      1.7276123641990127,
      0.8640749450773001,
      1.4487732335925103,
      1.8276325911283495,
      1.5690033032675275,
      2.235546922776848,
      2.7318404972553254,
      2.7247772284550593,
      1.867266857624054,
      2.655064418213442,
      2.769454969954677,
      1.5207521308213474,
      2.35305404663086,
      2.3789170503616335,
      1.6652038633590567,
      2.072792181372643,
      1.7856575012207032,
      2.3609758377075196,
      2.7545593848451975,
      2.2246623516082766,
      1.565951571892947,
      1.889940643310547,
      1.779498988389969,
      0.5111251930240542,
      1.5296908974647523,
      2.2708579778671267,
      1.9736597120761872,
      2.5012761466205125,
      1.7136061429977418
    ],
    "perturbation_strength": 0.1
  }
}