{
  "layer": 5,
  "rank": 32,
  "critical_channels": [
    56,
    72,
    35,
    74,
    54,
    70
  ],
  "safe": true,
  "profiling_metadata": {
    "test_prompt": "\u8bf7\u7528\u4e2d\u6587\u56de\u7b54\u4ee5\u4e0b\u95ee\u9898\uff1a\n\n<think>\n\u9996\u5148\uff0c\u6211\u9700\u8981\u7406\u89e3\u673a\u5668\u5b66\u4e60\u7684\u6838\u5fc3\u6982\u5ff5...\n</think>\n\n\u95ee\u9898\uff1a\u4ec0\u4e48\u662f\u673a\u5668\u5b66\u4e60\uff1f\n\n\u56de\u7b54\uff1a\n",
    "num_channels": 128,
    "critical_ratio": 0.046875,
    "importance_scores": [
      2.3173035001847895,
      1.8540528545156123,
      2.026357650756836,
      2.0705902099609377,
      1.5652529213577508,
      2.2952468872070315,
      2.134797251224518,
      2.5302887789905073,
      1.799725516140461,
      2.4092348325997595,
      1.5654348015785218,
      2.163042938709259,
      2.1737246178090572,
      1.9121949817985298,
      1.73022700548172,
      1.8138563126325609,
      1.767138734459877,
      2.250270164012909,
      2.0008791778236628,
      1.3807504191994666,
      2.125928112119436,
      1.2822739119641484,
      1.6266238860785962,
      1.3372687190771104,
      1.5467971801757814,
      1.5044388311915102,
      1.545248817652464,
      1.6503906982019543,
      0.5282882757484914,
      1.399212669953704,
      1.627507077716291,
      1.5655518111772837,
      2.1856766402721406,
      2.2314606919884685,
      1.6152374725788832,
      2.7274994259700183,
      2.289782842807472,
      1.9676034241914748,
      2.281970366835594,
      2.2561737641692163,
      1.5993164805695415,
      1.7675904884934426,
      1.7496338076423854,
      1.170301616191864,
      1.6531765937805176,
      2.1822477340698243,
      2.0605067014694214,
      2.453204345703125,
      1.6087041720747948,
      2.1246980173513292,
      2.254969937354326,
      1.9534730205312372,
      1.2527815341949462,
      1.9292396545410158,
      2.614503335952759,
      1.644693050440401,
      2.9714260101318364,
      1.5546912014484406,
      1.521642303466797,
      2.320498251914978,
      2.375469995848835,
      2.5669408552348614,
      2.5226471187546853,
      2.232280504703522,
      2.3695704460144045,
      1.5455932739423588,
      2.2404243469238283,
      1.5656119346618653,
      1.3412598382681609,
      2.085541570186615,
      2.5901252403855324,
      1.791709589958191,
      2.8230960316956044,
      1.716912991553545,
      2.616477790474892,
      2.4120907068252566,
      1.5784423981094733,
      2.324273693561554,
      2.0154726400971414,
      2.217895979434252,
      1.9288409978151322,
      2.064196014404297,
      2.2620617866516115,
      0.945300704240799,
      2.034424201399088,
      2.26567499935627,
      2.1186020056018604,
      2.075449408590794,
      1.754980516433716,
      0.7704959250986576,
      2.366541287302971,
      1.843974304199219,
      1.7252340525388719,
      1.8491128742694856,
      1.8660164207220078,
      1.7733406573534012,
      2.525749459862709,
      2.2966355323791503,
      2.065389347076416,
      1.4819185171276332,
      2.502539096446708,
      1.7686279296875,
      1.8961166381835939,
      1.747780227661133,
      1.7523082688450815,
      2.41618390083313,
      1.420623910613358,
      2.0495521128177643,
      1.6056641194969417,
      1.6204624891281127,
      1.223408317565918,
      2.0710826873779298,
      1.951477513462305,
      1.6364074836950748,
      1.2644104981794955,
      1.7236637592315676,
      2.0057681083679197,
      1.2699463435448708,
      1.9480636119842532,
      1.8052979689091444,
      2.147458302974701,
      1.5400275573134423,
      1.7137585312128067,
      1.5470581327099353,
      2.115871047973633,
      0.5291204765439034,
      1.6722658026963475,
      1.4828918802086266
    ],
    "perturbation_strength": 0.1
  }
}