{
  "layer": 6,
  "rank": 32,
  "critical_channels": [
    25,
    102,
    114,
    78,
    86,
    48
  ],
  "safe": true,
  "profiling_metadata": {
    "test_prompt": "\u8bf7\u7528\u4e2d\u6587\u56de\u7b54\u4ee5\u4e0b\u95ee\u9898\uff1a\n\n<think>\n\u9996\u5148\uff0c\u6211\u9700\u8981\u7406\u89e3\u673a\u5668\u5b66\u4e60\u7684\u6838\u5fc3\u6982\u5ff5...\n</think>\n\n\u95ee\u9898\uff1a\u4ec0\u4e48\u662f\u673a\u5668\u5b66\u4e60\uff1f\n\n\u56de\u7b54\uff1a\n",
    "num_channels": 128,
    "critical_ratio": 0.046875,
    "importance_scores": [
      2.361758232116699,
      2.186209106445313,
      1.8473816394805909,
      2.288990020751953,
      1.5286569595336914,
      1.921352005004883,
      1.9326893806457521,
      0.8856179237365723,
      1.0799209787510335,
      1.74246883392334,
      2.3705573081970215,
      1.7897508621215823,
      2.3639404296875,
      2.0953102111816406,
      2.362054443359375,
      1.9169544219970702,
      1.5696317136287692,
      1.966426467895508,
      1.9939505696296693,
      1.8733185589313508,
      2.402110290527344,
      1.918432851880789,
      2.1301544189453123,
      1.801071221753955,
      1.3434098571538926,
      2.7948899181559685,
      1.8611572265625,
      2.433979892730713,
      1.367920207977295,
      2.0046895027160643,
      1.1823915183544158,
      2.153008186817169,
      1.8672664642333987,
      1.9593927383422851,
      2.524488067626953,
      2.54122314453125,
      2.2063223838806154,
      1.0868975639343261,
      1.6675598144531252,
      0.3191437412984669,
      1.7524915218353274,
      1.2341858238447458,
      2.5519104420207444,
      2.3927978515625,
      2.056047058105469,
      2.142724800109863,
      1.9297883570194245,
      1.774812126159668,
      2.5987247467041015,
      1.8808829784393313,
      2.110209655761719,
      2.175101411342621,
      1.524087574146688,
      2.383009338378906,
      2.1831676483154294,
      2.028228759765625,
      1.914367198944092,
      1.7740756809711458,
      2.3766387939453124,
      1.959377843141556,
      2.117964172363281,
      2.118852627277374,
      1.7466815382242205,
      1.890709686279297,
      1.9678131103515626,
      2.1044507741928102,
      1.9830842971801759,
      2.330231857299805,
      1.8726945877075196,
      2.0893527984619142,
      2.1877929687499997,
      1.9184579297900202,
      2.017236371152103,
      1.510907030105591,
      2.1546570163685828,
      1.9790678024291992,
      1.961193323135376,
      1.9094768941402436,
      2.6683723449707033,
      2.148912048339844,
      2.0351585865020754,
      0.8731504678726196,
      2.301685857772827,
      1.9631599426269533,
      1.761557960510254,
      1.9871133625507356,
      2.6366761684417725,
      1.8345726013183594,
      1.5723160982131958,
      2.2648474693298337,
      2.1123930513858795,
      2.319061349146068,
      1.9063531994819642,
      1.4337098006159068,
      2.010297393798828,
      2.517916679382324,
      1.9158595323562622,
      2.332933044433594,
      2.576153836026788,
      1.9379823684692383,
      1.9071570217609406,
      1.4145692825317384,
      2.7277802646160128,
      2.2741346359252934,
      2.069677734375,
      2.2213645935058595,
      2.35240478515625,
      2.073621200025082,
      1.2581672668457031,
      1.6698133468627931,
      2.4130157470703124,
      2.1659552812576295,
      1.8271485816687345,
      1.9601850807666779,
      2.678503799438477,
      2.2333255767822267,
      1.777102279663086,
      2.2966674804687504,
      1.7361176341772082,
      1.7012265324592593,
      2.20255126953125,
      2.002349078655243,
      1.6721549034118655,
      2.2733276367187503,
      2.5634926795959476,
      1.561216163635254,
      1.344263455271721,
      2.2352234987542032
    ],
    "perturbation_strength": 0.1
  }
}