{
  "layer": 9,
  "rank": 32,
  "critical_channels": [
    82,
    121,
    2,
    10,
    69,
    1
  ],
  "safe": true,
  "profiling_metadata": {
    "test_prompt": "\u8bf7\u7528\u4e2d\u6587\u56de\u7b54\u4ee5\u4e0b\u95ee\u9898\uff1a\n\n<think>\n\u9996\u5148\uff0c\u6211\u9700\u8981\u7406\u89e3\u673a\u5668\u5b66\u4e60\u7684\u6838\u5fc3\u6982\u5ff5...\n</think>\n\n\u95ee\u9898\uff1a\u4ec0\u4e48\u662f\u673a\u5668\u5b66\u4e60\uff1f\n\n\u56de\u7b54\uff1a\n",
    "num_channels": 128,
    "critical_ratio": 0.046875,
    "importance_scores": [
      2.02210693359375,
      2.930857862532139,
      3.01583863736596,
      2.490278625488281,
      2.5648118026554587,
      2.3948978900909426,
      2.126206636428833,
      1.9040910482406617,
      1.651913508307189,
      0.5034683345584199,
      2.998747270321474,
      1.2136898994445802,
      2.2343274116516114,
      2.524670530296862,
      1.348858747072518,
      2.4232423786073927,
      2.823095964640379,
      1.965050506591797,
      1.090020803641528,
      1.227655100543052,
      2.686582967452705,
      0.4882812542433385,
      2.124102020263672,
      2.5565506584942344,
      1.6800811878638342,
      2.5731431156396867,
      1.3798080790787937,
      1.3020641505718231,
      2.489079284667969,
      2.1024978637695315,
      2.720736711099744,
      2.586657503247261,
      2.5918669700622563,
      1.3344268910586834,
      1.7711916588246823,
      1.5853638111613693,
      2.4631836960092186,
      1.9322605133056643,
      2.4446210861206055,
      1.693069511651993,
      2.3868747428059582,
      2.763017408177257,
      1.9471307992935183,
      1.1786866497248412,
      2.259393739700317,
      2.864370741718449,
      1.6579866178333762,
      2.4502223134040837,
      2.454783535003662,
      2.5104959383606915,
      2.1301326751708984,
      1.4797242177650334,
      2.03985595703125,
      0.45755159328691664,
      2.6143243908882146,
      2.2724429912865163,
      2.261175981909037,
      2.037406688928604,
      2.694901132583618,
      2.83515043258667,
      2.6170900493860247,
      1.2257696017622948,
      2.515927425771952,
      2.238038602471352,
      1.340222213510424,
      0.6176941056270152,
      2.4794832170009613,
      0.480102575942874,
      1.4413269245531413,
      2.95095064023044,
      2.731683371961117,
      2.5735338211059573,
      2.0606997556984425,
      2.670019616186619,
      2.005090347887017,
      1.97566861435771,
      1.3884003495797514,
      0.5414071530103685,
      1.500463985092938,
      1.5658966338261964,
      2.5313140869140627,
      1.7188495069742202,
      3.0640243631554767,
      1.6999466008041053,
      2.7497416496276856,
      2.072546548768878,
      1.9524810791015625,
      2.0151784896850584,
      1.4165375275537373,
      1.1207788884639742,
      1.5299835283309222,
      2.6802906036376952,
      0.4990631207590923,
      2.7551254516933112,
      2.716607804596424,
      0.8193359936587513,
      2.3266115471720696,
      2.07633867263794,
      2.8255911946296695,
      0.47910462012514476,
      1.6046478556469084,
      2.324704244360328,
      2.0858489632606507,
      2.6320152401924135,
      2.652350425720215,
      2.813266074471176,
      2.0833587837871166,
      1.7425079345703125,
      2.0191286358982325,
      2.4243339538574222,
      1.5637149147689344,
      2.8660873605869712,
      0.5533508845604956,
      2.5636306976433842,
      2.4611435540020468,
      2.4991233825683596,
      1.489416543301195,
      2.452835104800761,
      1.6003632491454483,
      2.562106370460242,
      0.5071212808194104,
      3.016326971072704,
      1.6086288610007613,
      1.3576357059180737,
      0.23374178190715614,
      1.4353271616389978,
      2.4999091386795045,
      2.3623629570007325
    ],
    "perturbation_strength": 0.1
  }
}