{
  "layer": 37,
  "rank": 32,
  "critical_channels": [
    86,
    82,
    47,
    127,
    116,
    79
  ],
  "safe": true,
  "profiling_metadata": {
    "test_prompt": "\u8bf7\u7528\u4e2d\u6587\u56de\u7b54\u4ee5\u4e0b\u95ee\u9898\uff1a\n\n<think>\n\u9996\u5148\uff0c\u6211\u9700\u8981\u7406\u89e3\u673a\u5668\u5b66\u4e60\u7684\u6838\u5fc3\u6982\u5ff5...\n</think>\n\n\u95ee\u9898\uff1a\u4ec0\u4e48\u662f\u673a\u5668\u5b66\u4e60\uff1f\n\n\u56de\u7b54\uff1a\n",
    "num_channels": 128,
    "critical_ratio": 0.046875,
    "importance_scores": [
      1.4243561763316395,
      2.6629444122314454,
      0.7264284987002612,
      1.8268654108047486,
      1.2894790321588518,
      2.502160993218422,
      2.4003794685006143,
      2.0106943383812905,
      2.0811492919921877,
      1.4914245831780135,
      1.0374550700187684,
      2.849211135832593,
      2.279830741882324,
      2.298681810498238,
      1.4834564411547035,
      0.5012463688850404,
      2.1673662275075913,
      1.646502702520229,
      2.1709839023649695,
      2.052392578125,
      2.570356750488281,
      2.191186614520848,
      3.080524909496307,
      2.2785873413085938,
      2.073707699775696,
      2.1893288493156433,
      2.4343751162290577,
      1.858105525467545,
      2.8929443642962727,
      2.3473669052124024,
      2.1245606069453062,
      2.5615724287927155,
      2.7670654928311706,
      2.4645022682845594,
      0.7979270219802858,
      1.2496634960174562,
      1.2645753718912602,
      2.7879028558731083,
      2.2127223014831543,
      1.6015146240592002,
      1.5729415893554688,
      2.2310195922851563,
      2.0668464094400405,
      1.473992919921875,
      1.9351873084902764,
      2.2722702026367188,
      1.0476330250501633,
      3.2796879626810553,
      2.4568141937255863,
      1.7851077146828176,
      2.5567430496215824,
      2.786926651000977,
      2.015308341383934,
      1.8735721327364445,
      1.4526865348219873,
      1.6189699981361627,
      2.5304909229278567,
      0.49591370334383106,
      2.4800362586975098,
      2.6141580581665043,
      2.6934629321098327,
      1.8658720195293428,
      1.600966241955757,
      2.6654555797576904,
      1.9608230590820312,
      2.5758323669433594,
      2.460341313481331,
      2.821768238209188,
      1.5917542126961053,
      2.0311258316040037,
      1.594992077862844,
      2.019005584716797,
      2.380335235595703,
      2.6621637463569643,
      1.596718978881836,
      2.82629976272583,
      2.9248168945312503,
      2.556427317112685,
      0.7696078434586525,
      3.088989617675543,
      1.8469760715961456,
      1.7042114597279578,
      3.654541137441993,
      1.9211753845214845,
      1.711533832550049,
      1.960871983319521,
      3.8211426045279953,
      2.5949157714843754,
      1.4333636224269868,
      2.7740219455678017,
      0.5757508341223002,
      2.487410354614258,
      0.358372534159571,
      2.605956268310547,
      2.6699157714843755,
      1.553134047985077,
      1.5173065185546877,
      1.5552923679351807,
      1.5967541545629502,
      2.5901475191116337,
      1.7260383605957033,
      1.3588746452704072,
      0.6375214248895645,
      3.0651382833719256,
      1.7338272839784623,
      1.6767579946666957,
      2.4641387939453128,
      1.4922921299934389,
      2.2580623626708984,
      2.633711862564087,
      2.2022477477788924,
      1.3709904082119466,
      2.464284372329712,
      1.8105717785656454,
      0.37646637472789735,
      3.08188563734293,
      3.1065918756648903,
      2.9522984027862553,
      2.4694145202636717,
      1.0728336520493031,
      0.03674349933862686,
      2.122078514099121,
      1.4281381726264955,
      1.9482555657625198,
      2.891002726554871,
      2.35922968685627,
      1.1393555151298642,
      3.175879849493504
    ],
    "perturbation_strength": 0.1
  }
}