{
  "layer": 25,
  "rank": 32,
  "critical_channels": [
    49,
    109,
    45,
    26,
    102,
    20
  ],
  "safe": true,
  "profiling_metadata": {
    "test_prompt": "\u8bf7\u7528\u4e2d\u6587\u56de\u7b54\u4ee5\u4e0b\u95ee\u9898\uff1a\n\n<think>\n\u9996\u5148\uff0c\u6211\u9700\u8981\u7406\u89e3\u673a\u5668\u5b66\u4e60\u7684\u6838\u5fc3\u6982\u5ff5...\n</think>\n\n\u95ee\u9898\uff1a\u4ec0\u4e48\u662f\u673a\u5668\u5b66\u4e60\uff1f\n\n\u56de\u7b54\uff1a\n",
    "num_channels": 128,
    "critical_ratio": 0.046875,
    "importance_scores": [
      2.2257692743092776,
      1.9481262729503215,
      1.6426515052095056,
      2.789782758429647,
      1.9332519724033774,
      1.4488525795750322,
      1.4207519700285047,
      2.3271830141544343,
      2.5122225821018223,
      1.949019193649292,
      2.2588416635990143,
      1.7746463917195796,
      1.661233535804786,
      2.2755463344976308,
      1.4447921931743624,
      0.4703491318505258,
      2.296969688870013,
      1.6794312048703433,
      2.233088699518703,
      2.670689269900322,
      2.829345718910918,
      2.4183595571666956,
      2.139639174938202,
      1.9923315048217773,
      1.9766267001628877,
      2.3259614523500205,
      2.8655151468468834,
      2.552462881430984,
      1.821194124221802,
      2.584811532124877,
      1.6676312804222109,
      2.543457087688148,
      2.3268799560144546,
      1.0435792239382864,
      1.5010009922087195,
      1.3956832932890395,
      2.5638184459879994,
      2.2349061608314518,
      2.638220222736709,
      1.2729492567479612,
      1.4000518869725056,
      2.285987949371338,
      2.2309022130444647,
      2.2761338472366335,
      2.0234100440284237,
      2.954699747823179,
      1.5910888764774427,
      1.7798293113708497,
      2.5159271363168956,
      2.9931998252868657,
      2.361923229158856,
      2.5153423070907595,
      2.063723087310791,
      1.3032959685660899,
      2.0701751882210373,
      2.5108032676391305,
      1.4164596624323167,
      2.4735108986496925,
      1.6792663984932006,
      2.7528747726231813,
      1.851441025733948,
      0.9116119806654752,
      2.4264116358011965,
      2.1783997104503214,
      1.9277777746319773,
      2.521191437961534,
      2.8293031897395853,
      1.8487183928489686,
      2.72714239070192,
      0.891992305405438,
      2.1902893066406253,
      2.2788098543882374,
      0.8545959544950165,
      2.0570251464843747,
      1.728457650751807,
      2.2439149960875513,
      1.5900270577520133,
      2.3623291549272833,
      2.2194060325622558,
      2.0291738867759705,
      1.3752319385879674,
      2.626904371194542,
      2.1063751220703124,
      1.2614692866802215,
      2.476760333776474,
      1.9683548091677951,
      0.6759492145851255,
      2.8057495706714692,
      1.3086426191963256,
      2.624920665193349,
      2.8033203803934157,
      2.272325134277344,
      2.268298368202523,
      2.3431656628847124,
      2.098494875431061,
      2.2209304984193294,
      1.4638697981834414,
      0.46565552147221756,
      2.0942358016967773,
      1.860398880392313,
      2.4294373944401744,
      1.8362333834171296,
      2.8520599495153878,
      2.292431937903166,
      1.932049628160894,
      1.535522496281192,
      1.6714202960836702,
      2.424401873140596,
      0.8458427526289598,
      2.9922119962051514,
      2.5634788751602176,
      2.6458984375,
      2.0190919237211347,
      2.088049413636327,
      1.72462465739809,
      2.2742094933986667,
      2.5086756467819216,
      1.2526489403098822,
      1.9395553847309204,
      2.525364112854004,
      2.305125521123409,
      1.5898635948076845,
      0.5361358720809222,
      1.864185656607151,
      2.664640818233602,
      2.388348548486829,
      2.2704139709472657,
      2.4870594255626206
    ],
    "perturbation_strength": 0.1
  }
}