{
  "layer": 34,
  "rank": 32,
  "critical_channels": [
    49,
    7,
    25,
    68,
    50,
    83
  ],
  "safe": true,
  "profiling_metadata": {
    "test_prompt": "\u8bf7\u7528\u4e2d\u6587\u56de\u7b54\u4ee5\u4e0b\u95ee\u9898\uff1a\n\n<think>\n\u9996\u5148\uff0c\u6211\u9700\u8981\u7406\u89e3\u673a\u5668\u5b66\u4e60\u7684\u6838\u5fc3\u6982\u5ff5...\n</think>\n\n\u95ee\u9898\uff1a\u4ec0\u4e48\u662f\u673a\u5668\u5b66\u4e60\uff1f\n\n\u56de\u7b54\uff1a\n",
    "num_channels": 128,
    "critical_ratio": 0.046875,
    "importance_scores": [
      1.929215240478516,
      1.131489060819149,
      2.7585758209228515,
      1.543446308374405,
      2.91591796875,
      1.795487153530121,
      2.2973580360412598,
      3.2328125,
      0.4705139763653278,
      2.0583760738372803,
      1.8598388671875,
      2.1256027221679688,
      1.927933031320572,
      1.6830628064461053,
      2.8541382852941752,
      1.8997569635510445,
      2.7543655395507813,
      2.42474365234375,
      2.333160400390625,
      1.8209485799074174,
      2.177881847321987,
      2.4654114155098794,
      2.2640754699707033,
      1.3077763348817826,
      2.545422454364598,
      3.184656445682049,
      2.129052734375,
      1.8079590246081354,
      1.7477547019720079,
      1.9643473565578462,
      1.4459198931232096,
      2.480093383789063,
      2.2497457712888718,
      2.069760996103287,
      1.8872737884521484,
      2.790023829834536,
      2.0332733154296876,
      1.9117742657661438,
      1.8843499183654786,
      1.3577576549723744,
      2.824887101096101,
      2.8200329065322878,
      1.7833498898893594,
      1.8639587402343751,
      2.3339202880859378,
      2.5503114700317386,
      0.8105916023254395,
      2.0023444786667826,
      2.107491159439087,
      3.3848892211914063,
      2.97740478515625,
      1.7278049118816852,
      2.220842742919922,
      2.4334670066833497,
      2.5994186401367188,
      2.536726760864258,
      1.9047218322753907,
      2.0333862751722336,
      2.4397040352225305,
      1.8949110031127931,
      2.0312344551086428,
      2.7736237879842522,
      2.5281982421875,
      2.0882575646042825,
      2.4174469536170364,
      2.0094814181327822,
      2.699027180671692,
      1.9131137847900392,
      3.088296318054199,
      1.672735393047333,
      2.772707492113114,
      2.852193641662598,
      0.4956879106350243,
      2.7447761535644535,
      2.2529556274414064,
      2.120079290866852,
      2.392327880859375,
      2.22626955807209,
      1.8045169256627562,
      2.263348197937012,
      2.0082733154296877,
      2.710797554254532,
      1.500125151826069,
      2.9558929920196535,
      2.5415420532226567,
      2.152269017696381,
      2.2109985351562504,
      2.238240432739258,
      2.4296783857978883,
      2.2650420129299165,
      2.8053236067295075,
      2.1811035773716867,
      2.592988777160645,
      2.46805419921875,
      1.8399048656225205,
      2.0311539709568023,
      1.6187744833528996,
      2.4331024169921878,
      1.8892951965332032,
      2.338491439819336,
      1.6053224025294186,
      2.841108703613281,
      2.2573806762695314,
      2.380255342647433,
      2.1840320587158204,
      2.08646240234375,
      2.7184967300854623,
      2.224046993255615,
      2.518280067574233,
      2.604008674621582,
      2.1607792891561988,
      1.6571095705032348,
      2.708756256103516,
      2.427263203263283,
      2.1235363990068437,
      2.1472015380859375,
      2.8966796875000003,
      2.3147920608520507,
      2.364164501428604,
      2.588372707366944,
      2.8524355463683606,
      2.5591065246611837,
      1.9287124633789063,
      2.9375122183468196,
      1.8023773193359376,
      1.8672472000122071,
      1.8681421875953674,
      2.2120124697685246
    ],
    "perturbation_strength": 0.1
  }
}