{
  "layer": 36,
  "rank": 32,
  "critical_channels": [
    33,
    85,
    70,
    86,
    125,
    38
  ],
  "safe": true,
  "profiling_metadata": {
    "test_prompt": "\u8bf7\u7528\u4e2d\u6587\u56de\u7b54\u4ee5\u4e0b\u95ee\u9898\uff1a\n\n<think>\n\u9996\u5148\uff0c\u6211\u9700\u8981\u7406\u89e3\u673a\u5668\u5b66\u4e60\u7684\u6838\u5fc3\u6982\u5ff5...\n</think>\n\n\u95ee\u9898\uff1a\u4ec0\u4e48\u662f\u673a\u5668\u5b66\u4e60\uff1f\n\n\u56de\u7b54\uff1a\n",
    "num_channels": 128,
    "critical_ratio": 0.046875,
    "importance_scores": [
      2.077004778385162,
      2.151367216836661,
      2.1775181531906127,
      2.629223680496216,
      2.098934370279312,
      0.3862901866436005,
      2.8648956593591723,
      2.0351260185241697,
      0.004609315120615065,
      0.4521774449851364,
      2.4970724493265157,
      0.005810549826128409,
      0.20321655641891995,
      2.1268417835235596,
      2.237820453150198,
      0.7868532028049231,
      1.0021688848733903,
      2.124560782685876,
      2.067736268043518,
      2.926005577668548,
      2.137034124135971,
      2.929107685014606,
      0.47080994546413424,
      1.5925299048423769,
      2.8528503651265056,
      2.7200901709496974,
      1.6422073475318029,
      2.4998933348804715,
      2.868560870923102,
      2.587411499023438,
      2.071769131720066,
      2.149184799194336,
      2.864190843701363,
      3.273477999214083,
      2.1913499455899,
      0.008179479674436153,
      2.8701828127959748,
      1.712498950958252,
      2.9904724294319753,
      1.6554810967296363,
      0.01192837676499039,
      2.3844596862792966,
      0.36904310118407013,
      0.38312533451244235,
      2.0886948855593803,
      2.188964888174087,
      1.9590093076229096,
      1.9289687395095827,
      0.016945747658610344,
      1.0762231707572938,
      1.6176063537597656,
      2.7012913204729556,
      2.861694448255003,
      2.4176849365234374,
      0.017799017624929546,
      0.5132266916334629,
      1.8834088802337647,
      1.6625836938619614,
      0.0266968896612525,
      1.431964190118015,
      0.4787673993851059,
      1.6271008163690568,
      0.4764252530410886,
      2.161574822664261,
      2.3481311321258547,
      1.6229736775159835,
      2.284889888763428,
      2.8165943063795567,
      0.3519851718272548,
      2.014520525932312,
      3.034277364285663,
      2.9177918715402487,
      2.8511200370267034,
      2.2041570425033568,
      0.029742476064711813,
      2.242338168621063,
      2.82923445366323,
      2.120100402832031,
      2.093800750374794,
      2.235996086895466,
      1.737085134163499,
      0.017453025141730905,
      2.108573341369629,
      2.367395783960819,
      1.1365235023200513,
      3.097908034268767,
      2.9955766245722772,
      2.8520492735318843,
      2.1106936298310757,
      0.003983509563840925,
      0.9795122474431992,
      1.5196136556682176,
      1.2677490234375,
      2.130847896635532,
      0.5143463201471604,
      0.568324801325798,
      0.37338009774684905,
      2.1757084526121617,
      2.5742836192250254,
      2.398280292749405,
      2.8173722326755524,
      2.821157879382372,
      0.8866396367549897,
      2.236521005630493,
      1.9037146389484407,
      2.14098140001297,
      2.093244206905365,
      2.481277757883072,
      2.5852328345179556,
      1.4971384525299074,
      2.3043994665145875,
      1.9035710327327253,
      2.917950732260943,
      2.01699403822422,
      0.4892334255389869,
      2.9261536018922927,
      0.022123018465936183,
      2.5050518035888674,
      2.183870294690132,
      2.124158975481987,
      2.308416986465454,
      1.942862319946289,
      1.5092025871388615,
      2.7640625586733223,
      2.826269565476105,
      2.995558181940578,
      2.316138744354248,
      1.9651566028594971
    ],
    "perturbation_strength": 0.1
  }
}