{
  "layer": 29,
  "rank": 32,
  "critical_channels": [
    78,
    100,
    64,
    37,
    93,
    4
  ],
  "safe": true,
  "profiling_metadata": {
    "test_prompt": "\u8bf7\u7528\u4e2d\u6587\u56de\u7b54\u4ee5\u4e0b\u95ee\u9898\uff1a\n\n<think>\n\u9996\u5148\uff0c\u6211\u9700\u8981\u7406\u89e3\u673a\u5668\u5b66\u4e60\u7684\u6838\u5fc3\u6982\u5ff5...\n</think>\n\n\u95ee\u9898\uff1a\u4ec0\u4e48\u662f\u673a\u5668\u5b66\u4e60\uff1f\n\n\u56de\u7b54\uff1a\n",
    "num_channels": 128,
    "critical_ratio": 0.046875,
    "importance_scores": [
      2.2018554885871713,
      2.0120972079224884,
      2.283538848394528,
      2.1391734004020693,
      2.7884323233272883,
      2.053546330332756,
      2.573837333638221,
      1.4867679715156557,
      2.3495942156761886,
      2.128108596801758,
      2.277066052122973,
      2.1680360518395903,
      2.207415789505467,
      2.2077184200286863,
      2.2274538155645134,
      1.7321107879281044,
      1.969580253586173,
      2.2033966486342256,
      2.0655415803194046,
      1.967152214050293,
      1.583154415898025,
      2.255263328552246,
      1.7963608107995244,
      2.3318615317344666,
      1.7208252685144543,
      2.077928447723389,
      2.316910330951214,
      2.2518071927130223,
      2.339252471923828,
      2.089306902140379,
      2.3876303464174273,
      2.39644889831543,
      2.476885999948718,
      0.9444503874983639,
      1.71281099319458,
      1.7913974322378636,
      1.8500244939699768,
      2.904528825497255,
      1.894613720662892,
      2.232141255773604,
      1.967090003564954,
      2.2891983062028887,
      2.3002441661898048,
      2.2754272885620597,
      1.6627686586230994,
      2.1552948769181968,
      2.080070960521698,
      1.8793458942323924,
      2.1166717634769157,
      2.193664751946926,
      2.516674831090495,
      2.4823518421500923,
      2.061510109901428,
      2.202429221989587,
      2.0772117614746093,
      2.166778660565615,
      1.0528686818201094,
      2.171747590601444,
      2.589061737060547,
      2.4626204013824466,
      2.721685811132193,
      2.2331521987915037,
      2.386692827311345,
      2.0286621240433305,
      2.929492536187172,
      2.5600861618295316,
      2.0976751036942005,
      1.979577971994877,
      1.6829475954174997,
      2.1771133810281755,
      1.7977977752685548,
      2.1295480966567992,
      2.08070374855306,
      2.1900391111150386,
      1.956532809138298,
      2.267300748825073,
      1.9526615552604198,
      1.8722671896219254,
      3.6066407758742574,
      2.343708819989115,
      2.1960483312606813,
      2.159654998779297,
      2.447445688140579,
      1.9322450719773772,
      2.203797844052315,
      2.6166015625,
      2.1242005160078405,
      2.458560216007754,
      2.4564102172851565,
      2.1709417924284935,
      0.6998672527086456,
      2.0095291137695312,
      2.112249881029129,
      2.871867380314507,
      1.9792999267578124,
      2.367628285288811,
      2.2581214904785156,
      2.57208251953125,
      2.0766999244689943,
      2.6743420124053956,
      2.9541137695312503,
      2.0594422817230225,
      1.6361817657947542,
      1.8960702031850816,
      1.8119125863537193,
      1.7227607727050782,
      2.413824580796063,
      2.211990737915039,
      2.7645568939158696,
      1.8394562158733607,
      2.2497802734375,
      1.8324735462665558,
      2.7110535156913103,
      1.9728759996127336,
      1.6649047965416686,
      2.195221519470215,
      1.7037361696362496,
      2.0805664867162705,
      1.562583327293396,
      1.581759797781706,
      2.0327274322509767,
      1.8793839246034623,
      1.9179989933967592,
      2.133764728344977,
      2.246430492401123,
      1.9806157395243644,
      1.931170439720154,
      2.065922349691391
    ],
    "perturbation_strength": 0.1
  }
}