{
  "layer": 33,
  "rank": 32,
  "critical_channels": [
    122,
    126,
    3,
    55,
    31,
    5
  ],
  "safe": true,
  "profiling_metadata": {
    "test_prompt": "\u8bf7\u7528\u4e2d\u6587\u56de\u7b54\u4ee5\u4e0b\u95ee\u9898\uff1a\n\n<think>\n\u9996\u5148\uff0c\u6211\u9700\u8981\u7406\u89e3\u673a\u5668\u5b66\u4e60\u7684\u6838\u5fc3\u6982\u5ff5...\n</think>\n\n\u95ee\u9898\uff1a\u4ec0\u4e48\u662f\u673a\u5668\u5b66\u4e60\uff1f\n\n\u56de\u7b54\uff1a\n",
    "num_channels": 128,
    "critical_ratio": 0.046875,
    "importance_scores": [
      2.35286260554567,
      2.0702576292678714,
      0.2708801347762346,
      2.9651246318593625,
      2.0429448880255223,
      2.8568788174539805,
      2.461563152074814,
      2.7900116304866973,
      1.9019725799560547,
      2.5996446609497075,
      0.36759186423150825,
      2.3951799392700193,
      1.81529541015625,
      2.8555816963315013,
      2.255126975197345,
      1.7696291241794826,
      1.5755677225068212,
      1.136523962765932,
      1.2951909102499486,
      1.3953514426015319,
      1.7799073908478023,
      1.3594238517340274,
      2.5847198486328127,
      2.293914945796132,
      2.7149845108389856,
      2.3567609786987305,
      1.682427275180817,
      1.8795013427734377,
      2.334642845392227,
      0.20995334805920723,
      2.460901343822479,
      2.8646240234375004,
      2.7204345703125,
      1.3677429523319007,
      1.344867654144764,
      1.9651260375976562,
      1.419305891543627,
      2.04086308600381,
      1.4012268415652216,
      1.754919525794685,
      2.4869668006896974,
      2.68696291227825,
      1.6563628911972046,
      2.197147560119629,
      0.2835391893982887,
      2.2616926193237306,
      2.8452270507812503,
      2.367462158203125,
      1.9481830835342409,
      2.222083221375942,
      1.494241750240326,
      2.6371276855468753,
      2.34865198135376,
      1.6499023771379142,
      2.064789581298828,
      2.9086425781250003,
      2.30033483505249,
      2.0230836659669875,
      2.8126617604866624,
      2.2883605957031254,
      1.1923344358801842,
      1.978909593820572,
      2.6279636457562447,
      1.0411462783813477,
      2.161858558654785,
      1.7084000736474991,
      2.6029300920665266,
      1.6525763764977455,
      1.2797798156738283,
      1.7798588275909424,
      2.5967743400484324,
      1.9747139164246619,
      1.3861847356893124,
      1.7408142587170006,
      1.4879456264898183,
      1.7683595392853022,
      1.9290069580078126,
      1.690869639068842,
      2.2147820472717283,
      2.267013549804688,
      0.5476563259959221,
      1.8396257311105728,
      0.5666260391473771,
      2.0694275096524506,
      2.8304632231593136,
      2.357043483713642,
      0.21413924768567086,
      2.0601047515869144,
      1.979348635673523,
      2.2677252769470218,
      2.2240359552204607,
      1.6555481065297502,
      2.0002197265625004,
      2.0673946380615233,
      0.05731887072324753,
      2.215481185913086,
      2.6651031999848787,
      2.530334591679275,
      2.4953999519348145,
      1.0155426225159316,
      2.000796127319336,
      1.2713043342111632,
      2.53125943467021,
      2.6140625589527193,
      2.49428186416626,
      2.093348839879036,
      1.500964370556176,
      2.0048584828153255,
      2.0613452911376955,
      0.01396027421578765,
      1.852131998538971,
      1.6050630751997232,
      1.982600784301758,
      0.9504699819488451,
      0.48949597477912904,
      1.9020674765110017,
      1.8662839889526368,
      2.6623993104323747,
      1.5273073177784684,
      1.8150406029075385,
      1.6343781471252443,
      1.8201022025197744,
      3.1582763671875,
      2.3768905639648437,
      1.6909730713814497,
      1.9840761277824641,
      3.014169324585237,
      0.7383117795223371
    ],
    "perturbation_strength": 0.1
  }
}