{
  "layer": 17,
  "rank": 32,
  "critical_channels": [
    61,
    99,
    103,
    92,
    125,
    30
  ],
  "safe": true,
  "profiling_metadata": {
    "test_prompt": "\u8bf7\u7528\u4e2d\u6587\u56de\u7b54\u4ee5\u4e0b\u95ee\u9898\uff1a\n\n<think>\n\u9996\u5148\uff0c\u6211\u9700\u8981\u7406\u89e3\u673a\u5668\u5b66\u4e60\u7684\u6838\u5fc3\u6982\u5ff5...\n</think>\n\n\u95ee\u9898\uff1a\u4ec0\u4e48\u662f\u673a\u5668\u5b66\u4e60\uff1f\n\n\u56de\u7b54\uff1a\n",
    "num_channels": 128,
    "critical_ratio": 0.046875,
    "importance_scores": [
      1.5801087509840728,
      2.527301073074341,
      2.012497005518526,
      2.1524941861629485,
      2.4104127530008554,
      1.9279359452426434,
      1.7876472130417826,
      2.085528087615967,
      2.237854385375977,
      2.2236851692199706,
      2.0403809415176513,
      1.7214872896671296,
      2.0670856475830077,
      2.3866835832595825,
      1.7431524544954302,
      2.2490723712369802,
      2.0463203430175785,
      1.3050907410681247,
      2.360406506061554,
      1.3363770900294185,
      2.4075201258063315,
      2.062340071797371,
      2.1832696914672853,
      1.5912232062779368,
      2.194677921012044,
      0.841000415943563,
      1.1020691295154392,
      0.9864593811798841,
      1.955688498634845,
      2.218860097974539,
      2.6130910515785217,
      1.7714695930480957,
      2.1587591484189033,
      1.56728059083689,
      1.887042982876301,
      1.523194029927254,
      2.2604985117912295,
      2.148002624511719,
      2.4837443828582764,
      2.340281677246094,
      2.161273438110948,
      2.1460584640502933,
      1.3503388130106033,
      0.8387023995281198,
      1.879050636291504,
      2.1151491165161134,
      2.063806401565671,
      2.4606994760921226,
      2.33459172481671,
      2.470141648221761,
      2.5137848688289526,
      2.3116333404555918,
      1.9202154561877252,
      1.5048035042360426,
      2.2356954246759413,
      0.7715074084699154,
      2.3211427334696055,
      1.4126663296367041,
      2.092407389730215,
      2.032594606280327,
      1.7602997303009034,
      2.7642797946929933,
      1.3686462530866266,
      2.371823140094057,
      2.1149415504187346,
      2.3114990977570415,
      1.821597480773926,
      2.261132839182392,
      2.125763900578022,
      2.0575225830078128,
      2.57456346154213,
      2.270773315429688,
      1.082714852690697,
      1.9119019093923273,
      1.7652346856892112,
      2.2116394476033747,
      2.1093750194180756,
      2.0574737548828126,
      2.250024586170912,
      2.4805664576590063,
      1.9723877478390932,
      2.2645996322855355,
      1.7907731741666795,
      1.056028800364584,
      1.9848090022802354,
      2.3297449111938477,
      2.1192763686180114,
      1.3055743955075743,
      2.4696063995361333,
      2.184440350532532,
      1.3496948890388012,
      2.15035447999835,
      2.7181259674951432,
      2.5852056480944157,
      1.9735047588124872,
      2.274527144432068,
      1.923782926797867,
      2.0637574108317494,
      2.15283203125,
      2.7518646456766875,
      2.3751626491546634,
      2.576458784379065,
      1.7661216497421266,
      2.7258545788004995,
      2.5124176687560977,
      2.3138341665267945,
      2.4620545484125613,
      1.9973636411130429,
      0.8314454348757863,
      2.225067251548171,
      2.340331554412842,
      2.0335052931681274,
      1.5672943931072951,
      2.5177534341812136,
      2.0965332149295137,
      2.0624518111348156,
      1.1548340130131691,
      2.482129742205143,
      2.223562875762582,
      2.159945700224489,
      1.3676895244279876,
      1.5777954312507063,
      1.6770996876060964,
      1.871343183517456,
      1.5473978042602539,
      2.614957505464554,
      1.9998582720756533,
      2.3721682593226436
    ],
    "perturbation_strength": 0.1
  }
}