{
  "layer": 14,
  "rank": 32,
  "critical_channels": [
    76,
    83,
    33,
    2,
    61,
    4
  ],
  "safe": true,
  "profiling_metadata": {
    "test_prompt": "\u8bf7\u7528\u4e2d\u6587\u56de\u7b54\u4ee5\u4e0b\u95ee\u9898\uff1a\n\n<think>\n\u9996\u5148\uff0c\u6211\u9700\u8981\u7406\u89e3\u673a\u5668\u5b66\u4e60\u7684\u6838\u5fc3\u6982\u5ff5...\n</think>\n\n\u95ee\u9898\uff1a\u4ec0\u4e48\u662f\u673a\u5668\u5b66\u4e60\uff1f\n\n\u56de\u7b54\uff1a\n",
    "num_channels": 128,
    "critical_ratio": 0.046875,
    "importance_scores": [
      2.0888538360595703,
      1.6341853141784668,
      2.461199976876378,
      1.840751647949219,
      2.388327789306641,
      1.8959931135177612,
      1.571053183078766,
      2.2795074462890628,
      2.3717777974903584,
      2.3357421875,
      2.0603921273723245,
      1.6291019782423974,
      1.8085682392120361,
      2.149978250265122,
      1.9735513925552368,
      1.1522613871842624,
      1.458908534795046,
      2.2795459747314455,
      1.6893433505669238,
      1.4607550621032717,
      1.9803916931152343,
      2.2792601585388184,
      2.2186283722519877,
      1.8820680379867556,
      1.6531995207071304,
      1.5154048919677736,
      1.8557621836662292,
      1.9628324329853057,
      1.8958509951829912,
      2.0660207271575928,
      1.7160998821258544,
      2.064129835367203,
      1.8677972555160525,
      2.4625908851623537,
      2.358569356473163,
      2.13861083984375,
      2.0043531894683837,
      1.8251103974878788,
      1.3827621798031033,
      1.5613648293539883,
      1.4975124657154084,
      1.423260549735278,
      2.231710481643677,
      1.8895468711853027,
      2.085693920403719,
      2.2119540691375734,
      1.63486328125,
      2.118406581878662,
      2.0905654907226565,
      1.8155028343200685,
      2.100537872314453,
      1.8241274677217008,
      1.8271621018648148,
      1.8039193391799928,
      1.620361328125,
      2.2019166273996236,
      1.9179755806922913,
      1.6469284772872925,
      2.063715744018555,
      2.1938323020935058,
      2.217238616943359,
      2.398901727050543,
      2.2396574854850773,
      2.1621709622442724,
      1.5379403069615365,
      1.7813363075256348,
      1.815558697283268,
      1.9036407470703125,
      1.5045777143910528,
      1.8365203857421875,
      1.9759650707244876,
      1.786713981628418,
      2.2721466064453124,
      1.3111328535713258,
      1.7624665796756744,
      2.3204161286354066,
      2.7927093505859375,
      1.80599365234375,
      2.0175470352172855,
      2.014522838592529,
      1.723875641822815,
      1.6528049468994142,
      2.1323079377412797,
      2.5030830025672914,
      1.7944335937500002,
      1.623425815999508,
      2.1568238947540523,
      2.031874865293503,
      2.104152348637581,
      1.7631843626499177,
      1.3307602083077656,
      1.8928356349468232,
      2.1083435058593754,
      2.115500068664551,
      1.6445984601974488,
      1.9310272216796875,
      2.069724941253662,
      2.1485713481903077,
      1.873963426053524,
      1.9119630426168441,
      2.267778515815735,
      1.913522364990786,
      2.2477175556123257,
      2.1868133544921875,
      1.8615052934736016,
      2.131057929992676,
      1.4188738822937013,
      1.9977357890456915,
      1.7274285078048708,
      1.8170122146606447,
      1.7859797000885012,
      2.1726635783910755,
      1.834227991104126,
      1.314842987060547,
      1.8556344881653788,
      1.9025009155273438,
      1.8625245330855251,
      2.0134998321533204,
      1.5568920135498048,
      1.4915650520473718,
      1.872673034667969,
      1.4943084716796875,
      1.5622185468673706,
      1.2205032646656038,
      2.211608935613185,
      1.7998543649911882,
      1.8288909912109375,
      1.7209517359733582
    ],
    "perturbation_strength": 0.1
  }
}