{
  "layer": 0,
  "rank": 32,
  "critical_channels": [
    98,
    54,
    109,
    83,
    56,
    48
  ],
  "safe": true,
  "profiling_metadata": {
    "test_prompt": "\u8bf7\u7528\u4e2d\u6587\u56de\u7b54\u4ee5\u4e0b\u95ee\u9898\uff1a\n\n<think>\n\u9996\u5148\uff0c\u6211\u9700\u8981\u7406\u89e3\u673a\u5668\u5b66\u4e60\u7684\u6838\u5fc3\u6982\u5ff5...\n</think>\n\n\u95ee\u9898\uff1a\u4ec0\u4e48\u662f\u673a\u5668\u5b66\u4e60\uff1f\n\n\u56de\u7b54\uff1a\n",
    "num_channels": 128,
    "critical_ratio": 0.046875,
    "importance_scores": [
      2.4133210094645623,
      1.8709716796875002,
      1.1864443007856607,
      1.5759673058986665,
      1.4669265946839007,
      1.04171465523541,
      1.9111242160201074,
      0.4745269848033786,
      0.49521790940780197,
      0.5032531773555092,
      0.4939972109626979,
      1.5841751486063005,
      0.9957216680049896,
      1.65315238237381,
      0.4882843062281609,
      2.2367628097534182,
      1.7243722796440124,
      2.6689850714057686,
      1.4790896236896516,
      1.8183517805300653,
      2.327429133653641,
      1.440932947397232,
      1.6374664382776245,
      0.46983643940184266,
      1.0844118122011424,
      0.9065339514985681,
      0.36269837120780724,
      2.0668236672878266,
      1.416732830554247,
      2.176508712768555,
      1.5617197871208193,
      1.3860496044158936,
      0.5202988486737012,
      0.4804291537031532,
      1.6532741844654084,
      2.4701393067836763,
      1.8147258818149568,
      1.6042246833443643,
      0.5269897557329386,
      1.7263095237314703,
      0.9035958513617516,
      0.8121583461761475,
      1.8966454505920411,
      2.2246621906757356,
      1.688566428422928,
      1.4751546740531922,
      2.4871673643589025,
      0.4908721958578099,
      2.7665826797485353,
      0.4623016448924318,
      1.805392529256642,
      0.36753082720679237,
      0.4510529257357121,
      0.005182459222851321,
      2.964746151585132,
      0.6623720038682224,
      2.81137697561644,
      2.295414733886719,
      1.6472469329833985,
      0.8098901093006134,
      2.5876391619443893,
      1.972205352783203,
      0.35118561117560604,
      2.3304474670439963,
      1.9596693992614747,
      2.1547744750976565,
      2.2300050627440218,
      0.003786471107741818,
      1.8568862915039064,
      0.48338928910670803,
      1.6106752287596464,
      0.5872075073421001,
      0.4932830872014165,
      1.5825721144676208,
      0.49508972663898027,
      1.3493914604187012,
      1.7299265876412393,
      0.5325624514371157,
      0.4972335903788917,
      0.0016828555584652348,
      0.007576566631905734,
      0.5465499958954751,
      0.511590595729649,
      2.8957000857451933,
      1.115728995576501,
      1.7633467197418213,
      1.57829595124349,
      0.4885330295888707,
      1.2254823040217162,
      0.36379089772817685,
      1.6388973951339723,
      1.600961532816291,
      0.008928690059110523,
      2.2387698777019978,
      0.7638493597507477,
      1.3797494873404503,
      1.8492224514484406,
      0.9244539666920901,
      3.058981475234032,
      1.8965843200683594,
      2.5887621879577636,
      1.9699951171875,
      2.2053717851638797,
      0.5158569397754037,
      1.5055225491523745,
      2.255578231811523,
      2.7251649228855968,
      1.9194854736328126,
      1.422498917579651,
      2.9529846326215194,
      0.6231110242195428,
      1.559065103530884,
      2.119639348983765,
      0.5471542480634526,
      2.5936128687113524,
      0.5305420318618417,
      1.683380300179124,
      0.0020233189046848566,
      0.4994201813125983,
      1.5012470752000808,
      1.486520416615531,
      0.539659127034247,
      1.3562397688627243,
      2.1925489842891692,
      0.5292709523811936,
      0.4929168798262254,
      1.364932299591601,
      2.216094970703125
    ],
    "perturbation_strength": 0.1
  }
}