{
  "layer": 2,
  "rank": 32,
  "critical_channels": [
    124,
    28,
    74,
    53,
    20,
    16
  ],
  "safe": true,
  "profiling_metadata": {
    "test_prompt": "\u8bf7\u7528\u4e2d\u6587\u56de\u7b54\u4ee5\u4e0b\u95ee\u9898\uff1a\n\n<think>\n\u9996\u5148\uff0c\u6211\u9700\u8981\u7406\u89e3\u673a\u5668\u5b66\u4e60\u7684\u6838\u5fc3\u6982\u5ff5...\n</think>\n\n\u95ee\u9898\uff1a\u4ec0\u4e48\u662f\u673a\u5668\u5b66\u4e60\uff1f\n\n\u56de\u7b54\uff1a\n",
    "num_channels": 128,
    "critical_ratio": 0.046875,
    "importance_scores": [
      0.6519440703094006,
      2.209869384765625,
      0.9195225663483143,
      2.615638878941536,
      1.8538038939237595,
      0.3586914422921837,
      0.7831303231418133,
      1.5962303161621096,
      0.5276621699333192,
      2.014948511123657,
      1.3028784826397897,
      1.5772718578577043,
      1.5811772160232067,
      1.804224169254303,
      1.7265106201171876,
      1.8515814661979677,
      2.688855017069727,
      2.1631324768066404,
      2.1704834091942757,
      1.193056869506836,
      2.700718450546265,
      0.7088874697685242,
      1.5068768322467805,
      1.495514537394047,
      2.4070246517658234,
      2.4410827938467263,
      1.832307329773903,
      1.8184028267860413,
      2.8262787275947634,
      1.5838714599609376,
      1.4746093750000002,
      2.386846286058426,
      2.6011322021484373,
      1.3652506113052367,
      1.6056182861328125,
      1.5719188690185548,
      1.5764040499925613,
      1.6724090576171877,
      2.6225109547376637,
      1.6809627532958986,
      2.2335479736328123,
      1.655117907933891,
      1.8561782957054676,
      1.7095026135444642,
      1.6837844848632815,
      1.7425475597381594,
      1.809817260503769,
      2.366551208496094,
      1.6683401823043824,
      1.9243309020996096,
      2.0350124657154085,
      2.08874279409647,
      1.8252229273319247,
      2.702228510379791,
      1.5078219179064036,
      1.7577196121215821,
      2.4365847229957582,
      1.7121732532978058,
      2.290362739562988,
      2.399626922607422,
      1.5679952651262283,
      1.7928845793008805,
      1.8616723358631135,
      1.777174186706543,
      1.9473222494125366,
      2.149057173728943,
      1.9273362278938295,
      1.6025839060544969,
      2.090416717529297,
      1.365429861843586,
      1.515048292092979,
      1.8800178810954096,
      1.1497501581907275,
      1.9344787597656252,
      2.7292715072631837,
      1.7297977723181248,
      1.9838353104889395,
      2.08232538998127,
      2.358672535419464,
      1.7505864180624486,
      2.08206787109375,
      1.5627743244171144,
      1.9180254817008975,
      1.323443763330579,
      2.466538114845753,
      1.4605469350703062,
      1.1059828221797943,
      2.2036524355411533,
      1.2536746978759765,
      1.6524384897202253,
      1.6787737429142,
      1.8194030761718751,
      0.24144305884838105,
      2.566456985473633,
      2.4096893310546874,
      1.9253809690475465,
      0.928363210335374,
      1.227762508392334,
      0.5146255754400045,
      1.5331362880766393,
      1.8405546665191652,
      1.7434378862380984,
      1.349411035189405,
      1.7082766298204661,
      1.5608302474021911,
      1.4436647150665523,
      2.288183690980077,
      0.5123901411017869,
      2.553451526165009,
      0.36745224404148763,
      0.5546344205737115,
      2.4137180827558042,
      1.6025822632014752,
      1.8410678386688233,
      2.242892932891846,
      1.8686249041929843,
      2.5519043216016146,
      1.363586814701557,
      1.96610347032547,
      1.8312191009521486,
      1.8833759307861329,
      1.6994741439819339,
      1.3614261008799076,
      2.3110475320369006,
      2.8332947067916394,
      1.1269810289144517,
      1.4775092601776125,
      1.927167844772339
    ],
    "perturbation_strength": 0.1
  }
}