{
  "layer": 28,
  "rank": 32,
  "critical_channels": [
    56,
    123,
    31,
    120,
    113,
    2
  ],
  "safe": true,
  "profiling_metadata": {
    "test_prompt": "\u8bf7\u7528\u4e2d\u6587\u56de\u7b54\u4ee5\u4e0b\u95ee\u9898\uff1a\n\n<think>\n\u9996\u5148\uff0c\u6211\u9700\u8981\u7406\u89e3\u673a\u5668\u5b66\u4e60\u7684\u6838\u5fc3\u6982\u5ff5...\n</think>\n\n\u95ee\u9898\uff1a\u4ec0\u4e48\u662f\u673a\u5668\u5b66\u4e60\uff1f\n\n\u56de\u7b54\uff1a\n",
    "num_channels": 128,
    "critical_ratio": 0.046875,
    "importance_scores": [
      1.7183442115783691,
      2.673295626649633,
      2.949170243740082,
      2.067408710718155,
      1.4200134372338653,
      2.4023407524451614,
      2.5938575983047487,
      2.84970096712932,
      2.4117340207332747,
      1.7188967972993852,
      2.4927650451660157,
      2.202185467630625,
      2.1401611328125,
      2.1113904953002933,
      2.4757624506950378,
      2.2358738303184507,
      2.5617477536434308,
      2.6838108696043492,
      0.8645417030900717,
      2.5461670030839745,
      2.165136923268437,
      2.2389649655669928,
      2.9266815354581928,
      2.3679238379001615,
      1.9186859279638158,
      2.468211364746094,
      1.8625735685229303,
      2.749588047200814,
      2.3956963539123537,
      2.755224618734792,
      2.542579936981201,
      2.9870849804952746,
      2.5741959571838384,
      2.3712086677551274,
      2.2843158155679704,
      2.4127686083316804,
      1.9471131142228841,
      1.681939712841995,
      2.566955575766042,
      2.6720367431640626,
      2.2716537824831904,
      0.34152837451547385,
      1.7631655100733041,
      1.8941047683358192,
      2.859881610097364,
      2.2422089394181968,
      2.350488308351487,
      2.1706303656101227,
      2.6324726521968844,
      2.823677322268486,
      2.264889536076226,
      2.583779987692833,
      2.1605457425117494,
      2.6595476150512694,
      2.545574998855591,
      1.6869507112540305,
      3.0272323677549138,
      2.242081069946289,
      2.1605672508478166,
      2.547006255341694,
      2.6852783569134773,
      1.7913545522838832,
      2.594027791544795,
      2.5826788187026977,
      0.6425422773230821,
      2.0603647708892825,
      2.6628910660743714,
      2.3107177734375,
      2.071734725870192,
      2.4977662172168493,
      2.1156585693359373,
      1.873199747875333,
      2.850759906694293,
      2.2504399292171002,
      2.194943714141846,
      2.6150299204979097,
      1.9540893554687502,
      2.654364161193371,
      1.4111420745030046,
      1.9031513720750808,
      0.8680847228388303,
      2.2627832829952244,
      2.6634278022684157,
      1.7776062556542456,
      0.6859924466582015,
      2.7727305158972744,
      2.557275432813913,
      2.032658386230469,
      2.3636780165135858,
      2.7870483398437504,
      1.8077697892906146,
      1.7493957814294847,
      2.912084975256585,
      1.862439823150635,
      2.6216339397709816,
      2.332336440659128,
      2.1618824005126953,
      2.448827171325684,
      1.5460357755422591,
      2.5525421359110627,
      2.301718235015869,
      2.3164535641903057,
      2.321961784362793,
      0.5902908444637432,
      2.049597512185574,
      2.3593263098970056,
      1.61106873487588,
      2.536944642383605,
      2.046472270227969,
      2.345459119603038,
      2.2721260979771616,
      2.3759289413690565,
      1.5910650566220284,
      2.9503753754310313,
      2.0157050743699076,
      2.1138553403317926,
      2.7226593153784053,
      2.159098297357559,
      2.1201843719929454,
      1.8732427820563318,
      2.9656921568326653,
      2.573332221026067,
      1.3830726745072754,
      2.992236341605895,
      2.543848487734795,
      2.4645019669551402,
      2.2717040061950686,
      2.460827801004052
    ],
    "perturbation_strength": 0.1
  }
}